--------------------------------------------------------
--  File created - Friday-May-03-2019   
--------------------------------------------------------
--------------------------------------------------------
--  DDL for Sequence BOOKING_SEQ
--------------------------------------------------------

   CREATE SEQUENCE  "PACKMOVEANDGO"."BOOKING_SEQ"  MINVALUE 1 MAXVALUE 9999999999999999999999999999 INCREMENT BY 1 START WITH 101 CACHE 20 NOORDER  NOCYCLE ;
--------------------------------------------------------
--  DDL for Sequence BRANCH_SEQ
--------------------------------------------------------

   CREATE SEQUENCE  "PACKMOVEANDGO"."BRANCH_SEQ"  MINVALUE 1 MAXVALUE 9999999999999999999999999999 INCREMENT BY 1 START WITH 41 CACHE 20 NOORDER  NOCYCLE ;
--------------------------------------------------------
--  DDL for Sequence BUSINESS_PARTNER_SEQ
--------------------------------------------------------

   CREATE SEQUENCE  "PACKMOVEANDGO"."BUSINESS_PARTNER_SEQ"  MINVALUE 1 MAXVALUE 9999999999999999999999999999 INCREMENT BY 1 START WITH 41 CACHE 20 NOORDER  NOCYCLE ;
--------------------------------------------------------
--  DDL for Sequence CUSTOMER_SEQ
--------------------------------------------------------

   CREATE SEQUENCE  "PACKMOVEANDGO"."CUSTOMER_SEQ"  MINVALUE 1 MAXVALUE 9999999999999999999999999999 INCREMENT BY 1 START WITH 10000000119 CACHE 20 NOORDER  NOCYCLE ;
--------------------------------------------------------
--  DDL for Sequence ENQUIRY_SEQ
--------------------------------------------------------

   CREATE SEQUENCE  "PACKMOVEANDGO"."ENQUIRY_SEQ"  MINVALUE 1 MAXVALUE 9999999999999999999999999999 INCREMENT BY 1 START WITH 41 CACHE 20 NOORDER  NOCYCLE ;
--------------------------------------------------------
--  DDL for Sequence ITEM_SEQ
--------------------------------------------------------

   CREATE SEQUENCE  "PACKMOVEANDGO"."ITEM_SEQ"  MINVALUE 1 MAXVALUE 9999999999999999999999999999 INCREMENT BY 1 START WITH 61 CACHE 20 NOORDER  NOCYCLE ;
--------------------------------------------------------
--  DDL for Sequence LOGIN_SEQ
--------------------------------------------------------

   CREATE SEQUENCE  "PACKMOVEANDGO"."LOGIN_SEQ"  MINVALUE 1 MAXVALUE 9999999999999999999999999999 INCREMENT BY 1 START WITH 21 CACHE 20 NOORDER  NOCYCLE ;
--------------------------------------------------------
--  DDL for Sequence MATERIAL_USED_SEQ
--------------------------------------------------------

   CREATE SEQUENCE  "PACKMOVEANDGO"."MATERIAL_USED_SEQ"  MINVALUE 1 MAXVALUE 9999999999999999999999999999 INCREMENT BY 1 START WITH 81 CACHE 20 NOORDER  NOCYCLE ;
--------------------------------------------------------
--  DDL for Sequence ORDERS_SEQ
--------------------------------------------------------

   CREATE SEQUENCE  "PACKMOVEANDGO"."ORDERS_SEQ"  MINVALUE 1 MAXVALUE 9999999999999999999999999999 INCREMENT BY 1 START WITH 81 CACHE 20 NOORDER  NOCYCLE ;
--------------------------------------------------------
--  DDL for Sequence PACKING_MATERIALS_SEQ
--------------------------------------------------------

   CREATE SEQUENCE  "PACKMOVEANDGO"."PACKING_MATERIALS_SEQ"  MINVALUE 1 MAXVALUE 9999999999999999999999999999 INCREMENT BY 1 START WITH 81 CACHE 20 NOORDER  NOCYCLE ;
--------------------------------------------------------
--  DDL for Sequence RATES_SEQ
--------------------------------------------------------

   CREATE SEQUENCE  "PACKMOVEANDGO"."RATES_SEQ"  MINVALUE 1 MAXVALUE 9999999999999999999999999999 INCREMENT BY 1 START WITH 41 CACHE 20 NOORDER  NOCYCLE ;
--------------------------------------------------------
--  DDL for Sequence SEND_ENQUIRY_SEQ
--------------------------------------------------------

   CREATE SEQUENCE  "PACKMOVEANDGO"."SEND_ENQUIRY_SEQ"  MINVALUE 1 MAXVALUE 9999999999999999999999999999 INCREMENT BY 1 START WITH 41 CACHE 20 NOORDER  NOCYCLE ;
--------------------------------------------------------
--  DDL for Sequence SERVICES_SEQ
--------------------------------------------------------

   CREATE SEQUENCE  "PACKMOVEANDGO"."SERVICES_SEQ"  MINVALUE 1 MAXVALUE 9999999999999999999999999999 INCREMENT BY 1 START WITH 41 CACHE 20 NOORDER  NOCYCLE ;
--------------------------------------------------------
--  DDL for Sequence SHIPMENT_SEQ
--------------------------------------------------------

   CREATE SEQUENCE  "PACKMOVEANDGO"."SHIPMENT_SEQ"  MINVALUE 1 MAXVALUE 9999999999999999999999999999 INCREMENT BY 1 START WITH 81 CACHE 20 NOORDER  NOCYCLE ;
--------------------------------------------------------
--  DDL for Table BOOKING
--------------------------------------------------------

  CREATE TABLE "PACKMOVEANDGO"."BOOKING" 
   (	"BOOKING_ID" NUMBER(10,0), 
	"BRANCH_ID" NUMBER(10,0), 
	"CUST_ID" NUMBER(10,0), 
	"BOOKING_DATE" DATE, 
	"SRC_BRANCH" VARCHAR2(20 BYTE), 
	"DEST_BRANCH" VARCHAR2(20 BYTE), 
	"RATE" NUMBER(10,0), 
	"PACK_LOAD_UNLOAD" VARCHAR2(128 BYTE), 
	"DEST_AGENT_ID" NUMBER(10,0)
   ) SEGMENT CREATION IMMEDIATE 
  PCTFREE 10 PCTUSED 40 INITRANS 1 MAXTRANS 255 NOCOMPRESS LOGGING
  STORAGE(INITIAL 65536 NEXT 1048576 MINEXTENTS 1 MAXEXTENTS 2147483645
  PCTINCREASE 0 FREELISTS 1 FREELIST GROUPS 1 BUFFER_POOL DEFAULT FLASH_CACHE DEFAULT CELL_FLASH_CACHE DEFAULT)
  TABLESPACE "USERS" ;
--------------------------------------------------------
--  DDL for Table BRANCH
--------------------------------------------------------

  CREATE TABLE "PACKMOVEANDGO"."BRANCH" 
   (	"BRANCH_ID" NUMBER(10,0), 
	"BRANCH_NAME" VARCHAR2(256 BYTE), 
	"BRANCH_ADDRESS" VARCHAR2(256 BYTE), 
	"BRANCH_PH" VARCHAR2(20 BYTE), 
	"BRANCH_EMAIL" VARCHAR2(128 BYTE)
   ) SEGMENT CREATION IMMEDIATE 
  PCTFREE 10 PCTUSED 40 INITRANS 1 MAXTRANS 255 NOCOMPRESS LOGGING
  STORAGE(INITIAL 65536 NEXT 1048576 MINEXTENTS 1 MAXEXTENTS 2147483645
  PCTINCREASE 0 FREELISTS 1 FREELIST GROUPS 1 BUFFER_POOL DEFAULT FLASH_CACHE DEFAULT CELL_FLASH_CACHE DEFAULT)
  TABLESPACE "USERS" ;
--------------------------------------------------------
--  DDL for Table BUSINESS_PARTNER
--------------------------------------------------------

  CREATE TABLE "PACKMOVEANDGO"."BUSINESS_PARTNER" 
   (	"AGENT_ID" NUMBER(10,0), 
	"AGENT_NAME" VARCHAR2(256 BYTE), 
	"BRANCH_ID" NUMBER(10,0), 
	"AGENT_ADD" VARCHAR2(256 BYTE), 
	"AGENT_PH" VARCHAR2(20 BYTE), 
	"FACILITY" VARCHAR2(256 BYTE)
   ) SEGMENT CREATION IMMEDIATE 
  PCTFREE 10 PCTUSED 40 INITRANS 1 MAXTRANS 255 NOCOMPRESS LOGGING
  STORAGE(INITIAL 65536 NEXT 1048576 MINEXTENTS 1 MAXEXTENTS 2147483645
  PCTINCREASE 0 FREELISTS 1 FREELIST GROUPS 1 BUFFER_POOL DEFAULT FLASH_CACHE DEFAULT CELL_FLASH_CACHE DEFAULT)
  TABLESPACE "USERS" ;
--------------------------------------------------------
--  DDL for Table CUSTOMER
--------------------------------------------------------

  CREATE TABLE "PACKMOVEANDGO"."CUSTOMER" 
   (	"CUST_ID" NUMBER(10,0), 
	"CUST_NAME" VARCHAR2(256 BYTE), 
	"CUST_ADDRESS" VARCHAR2(256 BYTE), 
	"CUST_PH" VARCHAR2(20 BYTE), 
	"CUST_TYPE" VARCHAR2(20 BYTE), 
	"CUST_CREDIT_LIMIT" NUMBER(10,0)
   ) SEGMENT CREATION IMMEDIATE 
  PCTFREE 10 PCTUSED 40 INITRANS 1 MAXTRANS 255 NOCOMPRESS LOGGING
  STORAGE(INITIAL 65536 NEXT 1048576 MINEXTENTS 1 MAXEXTENTS 2147483645
  PCTINCREASE 0 FREELISTS 1 FREELIST GROUPS 1 BUFFER_POOL DEFAULT FLASH_CACHE DEFAULT CELL_FLASH_CACHE DEFAULT)
  TABLESPACE "USERS" ;
--------------------------------------------------------
--  DDL for Table ENQUIRY
--------------------------------------------------------

  CREATE TABLE "PACKMOVEANDGO"."ENQUIRY" 
   (	"ENQ_ID" NUMBER(10,0), 
	"BRANCH_ID" NUMBER(10,0), 
	"SERVICE_ID" NUMBER(10,0), 
	"PERSON_NAME" VARCHAR2(256 BYTE), 
	"PERSON_ADDRESS" VARCHAR2(256 BYTE), 
	"PERSON_PH" VARCHAR2(20 BYTE)
   ) SEGMENT CREATION IMMEDIATE 
  PCTFREE 10 PCTUSED 40 INITRANS 1 MAXTRANS 255 NOCOMPRESS LOGGING
  STORAGE(INITIAL 65536 NEXT 1048576 MINEXTENTS 1 MAXEXTENTS 2147483645
  PCTINCREASE 0 FREELISTS 1 FREELIST GROUPS 1 BUFFER_POOL DEFAULT FLASH_CACHE DEFAULT CELL_FLASH_CACHE DEFAULT)
  TABLESPACE "USERS" ;
--------------------------------------------------------
--  DDL for Table ITEM
--------------------------------------------------------

  CREATE TABLE "PACKMOVEANDGO"."ITEM" 
   (	"ITEM_ID" NUMBER(10,0), 
	"ITEM_NAME" VARCHAR2(256 BYTE), 
	"ITEM_TYPE" VARCHAR2(20 BYTE)
   ) SEGMENT CREATION IMMEDIATE 
  PCTFREE 10 PCTUSED 40 INITRANS 1 MAXTRANS 255 NOCOMPRESS LOGGING
  STORAGE(INITIAL 65536 NEXT 1048576 MINEXTENTS 1 MAXEXTENTS 2147483645
  PCTINCREASE 0 FREELISTS 1 FREELIST GROUPS 1 BUFFER_POOL DEFAULT FLASH_CACHE DEFAULT CELL_FLASH_CACHE DEFAULT)
  TABLESPACE "USERS" ;
--------------------------------------------------------
--  DDL for Table LOGIN
--------------------------------------------------------

  CREATE TABLE "PACKMOVEANDGO"."LOGIN" 
   (	"CUST_ID" NUMBER(10,0), 
	"PASSWORD" VARCHAR2(256 BYTE), 
	"CUST_TYPE" VARCHAR2(64 BYTE), 
	"LOGIN_SERIAL_NO" NUMBER(10,0)
   ) SEGMENT CREATION IMMEDIATE 
  PCTFREE 10 PCTUSED 40 INITRANS 1 MAXTRANS 255 NOCOMPRESS LOGGING
  STORAGE(INITIAL 65536 NEXT 1048576 MINEXTENTS 1 MAXEXTENTS 2147483645
  PCTINCREASE 0 FREELISTS 1 FREELIST GROUPS 1 BUFFER_POOL DEFAULT FLASH_CACHE DEFAULT CELL_FLASH_CACHE DEFAULT)
  TABLESPACE "USERS" ;
--------------------------------------------------------
--  DDL for Table MATERIAL_USED
--------------------------------------------------------

  CREATE TABLE "PACKMOVEANDGO"."MATERIAL_USED" 
   (	"BRANCH_ID" NUMBER(10,0), 
	"PACK_MAT_ID" NUMBER(10,0), 
	"QTY" NUMBER(10,0), 
	"MAT_ID" NUMBER(10,0)
   ) SEGMENT CREATION IMMEDIATE 
  PCTFREE 10 PCTUSED 40 INITRANS 1 MAXTRANS 255 NOCOMPRESS LOGGING
  STORAGE(INITIAL 65536 NEXT 1048576 MINEXTENTS 1 MAXEXTENTS 2147483645
  PCTINCREASE 0 FREELISTS 1 FREELIST GROUPS 1 BUFFER_POOL DEFAULT FLASH_CACHE DEFAULT CELL_FLASH_CACHE DEFAULT)
  TABLESPACE "USERS" ;
--------------------------------------------------------
--  DDL for Table ORDERS
--------------------------------------------------------

  CREATE TABLE "PACKMOVEANDGO"."ORDERS" 
   (	"ORDER_ID" NUMBER(10,0), 
	"CUST_ID" NUMBER(10,0), 
	"BRANCH_ID" NUMBER(10,0), 
	"ITEM_ID" NUMBER(10,0), 
	"QTY" NUMBER(10,0), 
	"APPROX_EXPEND" VARCHAR2(20 BYTE), 
	"STATUS" CHAR(1 BYTE)
   ) SEGMENT CREATION IMMEDIATE 
  PCTFREE 10 PCTUSED 40 INITRANS 1 MAXTRANS 255 NOCOMPRESS LOGGING
  STORAGE(INITIAL 65536 NEXT 1048576 MINEXTENTS 1 MAXEXTENTS 2147483645
  PCTINCREASE 0 FREELISTS 1 FREELIST GROUPS 1 BUFFER_POOL DEFAULT FLASH_CACHE DEFAULT CELL_FLASH_CACHE DEFAULT)
  TABLESPACE "USERS" ;
--------------------------------------------------------
--  DDL for Table PACKING_MATERIALS
--------------------------------------------------------

  CREATE TABLE "PACKMOVEANDGO"."PACKING_MATERIALS" 
   (	"PACK_MAT_ID" NUMBER(10,0), 
	"PACK_MAT_DESC" VARCHAR2(256 BYTE), 
	"COST_PER_UNIT" NUMBER(10,0), 
	"MAT_ID" NUMBER(10,0)
   ) SEGMENT CREATION IMMEDIATE 
  PCTFREE 10 PCTUSED 40 INITRANS 1 MAXTRANS 255 NOCOMPRESS LOGGING
  STORAGE(INITIAL 65536 NEXT 1048576 MINEXTENTS 1 MAXEXTENTS 2147483645
  PCTINCREASE 0 FREELISTS 1 FREELIST GROUPS 1 BUFFER_POOL DEFAULT FLASH_CACHE DEFAULT CELL_FLASH_CACHE DEFAULT)
  TABLESPACE "USERS" ;
--------------------------------------------------------
--  DDL for Table RATES
--------------------------------------------------------

  CREATE TABLE "PACKMOVEANDGO"."RATES" 
   (	"ITEM_ID" NUMBER(10,0), 
	"CHARGE_PER_KM" NUMBER(10,0), 
	"SERVICE_TYPE" VARCHAR2(256 BYTE), 
	"RATE_ID" NUMBER(10,0)
   ) SEGMENT CREATION IMMEDIATE 
  PCTFREE 10 PCTUSED 40 INITRANS 1 MAXTRANS 255 NOCOMPRESS LOGGING
  STORAGE(INITIAL 65536 NEXT 1048576 MINEXTENTS 1 MAXEXTENTS 2147483645
  PCTINCREASE 0 FREELISTS 1 FREELIST GROUPS 1 BUFFER_POOL DEFAULT FLASH_CACHE DEFAULT CELL_FLASH_CACHE DEFAULT)
  TABLESPACE "USERS" ;
--------------------------------------------------------
--  DDL for Table SEND_ENQUIRY
--------------------------------------------------------

  CREATE TABLE "PACKMOVEANDGO"."SEND_ENQUIRY" 
   (	"SENDENQUIRYID" NUMBER(10,0), 
	"NAME" VARCHAR2(256 BYTE), 
	"MOBILE" VARCHAR2(20 BYTE), 
	"MOVEFROM" VARCHAR2(256 BYTE), 
	"MOVETO" VARCHAR2(256 BYTE), 
	"MOVEDATE" DATE, 
	"MESSAGE" VARCHAR2(512 BYTE), 
	"EMAIL" VARCHAR2(256 BYTE)
   ) SEGMENT CREATION IMMEDIATE 
  PCTFREE 10 PCTUSED 40 INITRANS 1 MAXTRANS 255 NOCOMPRESS LOGGING
  STORAGE(INITIAL 65536 NEXT 1048576 MINEXTENTS 1 MAXEXTENTS 2147483645
  PCTINCREASE 0 FREELISTS 1 FREELIST GROUPS 1 BUFFER_POOL DEFAULT FLASH_CACHE DEFAULT CELL_FLASH_CACHE DEFAULT)
  TABLESPACE "USERS" ;
--------------------------------------------------------
--  DDL for Table SERVICES
--------------------------------------------------------

  CREATE TABLE "PACKMOVEANDGO"."SERVICES" 
   (	"SERVICE_ID" NUMBER(10,0), 
	"SERVICE_NAME" VARCHAR2(256 BYTE), 
	"SERVICE_TYPE" VARCHAR2(256 BYTE), 
	"CHARGE_PER_KM" NUMBER(10,0)
   ) SEGMENT CREATION IMMEDIATE 
  PCTFREE 10 PCTUSED 40 INITRANS 1 MAXTRANS 255 NOCOMPRESS LOGGING
  STORAGE(INITIAL 65536 NEXT 1048576 MINEXTENTS 1 MAXEXTENTS 2147483645
  PCTINCREASE 0 FREELISTS 1 FREELIST GROUPS 1 BUFFER_POOL DEFAULT FLASH_CACHE DEFAULT CELL_FLASH_CACHE DEFAULT)
  TABLESPACE "USERS" ;
--------------------------------------------------------
--  DDL for Table SHIPMENT
--------------------------------------------------------

  CREATE TABLE "PACKMOVEANDGO"."SHIPMENT" 
   (	"BRANCH_ID" NUMBER(10,0), 
	"ITEM_ID" NUMBER(10,0), 
	"QTY" NUMBER(10,0), 
	"SHIPMENT_ID" NUMBER(10,0), 
	"BOOKING_ID" NUMBER(10,0)
   ) SEGMENT CREATION IMMEDIATE 
  PCTFREE 10 PCTUSED 40 INITRANS 1 MAXTRANS 255 NOCOMPRESS LOGGING
  STORAGE(INITIAL 65536 NEXT 1048576 MINEXTENTS 1 MAXEXTENTS 2147483645
  PCTINCREASE 0 FREELISTS 1 FREELIST GROUPS 1 BUFFER_POOL DEFAULT FLASH_CACHE DEFAULT CELL_FLASH_CACHE DEFAULT)
  TABLESPACE "USERS" ;
REM INSERTING into PACKMOVEANDGO.BOOKING
SET DEFINE OFF;
Insert into PACKMOVEANDGO.BOOKING (BOOKING_ID,BRANCH_ID,CUST_ID,BOOKING_DATE,SRC_BRANCH,DEST_BRANCH,RATE,PACK_LOAD_UNLOAD,DEST_AGENT_ID) values (61,1,1410065487,to_date('28-APR-19','DD-MON-RR'),'2','1',10,'LOAD',1);
Insert into PACKMOVEANDGO.BOOKING (BOOKING_ID,BRANCH_ID,CUST_ID,BOOKING_DATE,SRC_BRANCH,DEST_BRANCH,RATE,PACK_LOAD_UNLOAD,DEST_AGENT_ID) values (29,1,1410065455,to_date('02-APR-19','DD-MON-RR'),'1','4',10,'LOAD',1);
Insert into PACKMOVEANDGO.BOOKING (BOOKING_ID,BRANCH_ID,CUST_ID,BOOKING_DATE,SRC_BRANCH,DEST_BRANCH,RATE,PACK_LOAD_UNLOAD,DEST_AGENT_ID) values (34,3,1410065460,to_date('11-APR-19','DD-MON-RR'),'3','4',10,'LOAD',1);
Insert into PACKMOVEANDGO.BOOKING (BOOKING_ID,BRANCH_ID,CUST_ID,BOOKING_DATE,SRC_BRANCH,DEST_BRANCH,RATE,PACK_LOAD_UNLOAD,DEST_AGENT_ID) values (62,3,1410065488,to_date('11-APR-19','DD-MON-RR'),'3','4',10,'LOAD',1);
Insert into PACKMOVEANDGO.BOOKING (BOOKING_ID,BRANCH_ID,CUST_ID,BOOKING_DATE,SRC_BRANCH,DEST_BRANCH,RATE,PACK_LOAD_UNLOAD,DEST_AGENT_ID) values (28,2,1410065454,to_date('02-APR-19','DD-MON-RR'),'1','4',10,'LOAD',1);
Insert into PACKMOVEANDGO.BOOKING (BOOKING_ID,BRANCH_ID,CUST_ID,BOOKING_DATE,SRC_BRANCH,DEST_BRANCH,RATE,PACK_LOAD_UNLOAD,DEST_AGENT_ID) values (30,3,1410065456,to_date('01-MAR-19','DD-MON-RR'),'2','3',10,'LOAD',1);
Insert into PACKMOVEANDGO.BOOKING (BOOKING_ID,BRANCH_ID,CUST_ID,BOOKING_DATE,SRC_BRANCH,DEST_BRANCH,RATE,PACK_LOAD_UNLOAD,DEST_AGENT_ID) values (33,3,1410065459,to_date('11-APR-19','DD-MON-RR'),'3','4',10,'LOAD',1);
Insert into PACKMOVEANDGO.BOOKING (BOOKING_ID,BRANCH_ID,CUST_ID,BOOKING_DATE,SRC_BRANCH,DEST_BRANCH,RATE,PACK_LOAD_UNLOAD,DEST_AGENT_ID) values (35,3,1410065461,to_date('11-APR-19','DD-MON-RR'),'3','4',10,'LOAD',1);
Insert into PACKMOVEANDGO.BOOKING (BOOKING_ID,BRANCH_ID,CUST_ID,BOOKING_DATE,SRC_BRANCH,DEST_BRANCH,RATE,PACK_LOAD_UNLOAD,DEST_AGENT_ID) values (37,3,1410065463,to_date('11-APR-19','DD-MON-RR'),'3','4',10,'LOAD',1);
Insert into PACKMOVEANDGO.BOOKING (BOOKING_ID,BRANCH_ID,CUST_ID,BOOKING_DATE,SRC_BRANCH,DEST_BRANCH,RATE,PACK_LOAD_UNLOAD,DEST_AGENT_ID) values (85,4,1410065511,to_date('15-MAY-19','DD-MON-RR'),'1','3',10,'LOAD',1);
Insert into PACKMOVEANDGO.BOOKING (BOOKING_ID,BRANCH_ID,CUST_ID,BOOKING_DATE,SRC_BRANCH,DEST_BRANCH,RATE,PACK_LOAD_UNLOAD,DEST_AGENT_ID) values (88,4,1410065514,to_date('15-MAY-19','DD-MON-RR'),'1','3',10,'LOAD',1);
Insert into PACKMOVEANDGO.BOOKING (BOOKING_ID,BRANCH_ID,CUST_ID,BOOKING_DATE,SRC_BRANCH,DEST_BRANCH,RATE,PACK_LOAD_UNLOAD,DEST_AGENT_ID) values (93,1,1410065519,to_date('03-MAY-19','DD-MON-RR'),'1','21',20,'UNLOAD',21);
Insert into PACKMOVEANDGO.BOOKING (BOOKING_ID,BRANCH_ID,CUST_ID,BOOKING_DATE,SRC_BRANCH,DEST_BRANCH,RATE,PACK_LOAD_UNLOAD,DEST_AGENT_ID) values (31,2,1410065457,to_date('20-APR-19','DD-MON-RR'),'2','3',10,'LOAD',1);
Insert into PACKMOVEANDGO.BOOKING (BOOKING_ID,BRANCH_ID,CUST_ID,BOOKING_DATE,SRC_BRANCH,DEST_BRANCH,RATE,PACK_LOAD_UNLOAD,DEST_AGENT_ID) values (32,2,1410065458,to_date('20-APR-19','DD-MON-RR'),'2','3',10,'LOAD',1);
Insert into PACKMOVEANDGO.BOOKING (BOOKING_ID,BRANCH_ID,CUST_ID,BOOKING_DATE,SRC_BRANCH,DEST_BRANCH,RATE,PACK_LOAD_UNLOAD,DEST_AGENT_ID) values (41,3,1410065467,to_date('04-APR-19','DD-MON-RR'),'2','3',10,'LOAD',1);
Insert into PACKMOVEANDGO.BOOKING (BOOKING_ID,BRANCH_ID,CUST_ID,BOOKING_DATE,SRC_BRANCH,DEST_BRANCH,RATE,PACK_LOAD_UNLOAD,DEST_AGENT_ID) values (63,3,1410065489,to_date('11-APR-19','DD-MON-RR'),'3','4',10,'LOAD',1);
Insert into PACKMOVEANDGO.BOOKING (BOOKING_ID,BRANCH_ID,CUST_ID,BOOKING_DATE,SRC_BRANCH,DEST_BRANCH,RATE,PACK_LOAD_UNLOAD,DEST_AGENT_ID) values (64,1,1410065490,to_date('29-APR-19','DD-MON-RR'),'1','2',10,'LOAD',1);
Insert into PACKMOVEANDGO.BOOKING (BOOKING_ID,BRANCH_ID,CUST_ID,BOOKING_DATE,SRC_BRANCH,DEST_BRANCH,RATE,PACK_LOAD_UNLOAD,DEST_AGENT_ID) values (65,1,1410065491,to_date('29-APR-19','DD-MON-RR'),'1','2',10,'LOAD',1);
Insert into PACKMOVEANDGO.BOOKING (BOOKING_ID,BRANCH_ID,CUST_ID,BOOKING_DATE,SRC_BRANCH,DEST_BRANCH,RATE,PACK_LOAD_UNLOAD,DEST_AGENT_ID) values (81,3,1410065507,to_date('02-MAY-19','DD-MON-RR'),'2','3',10,'LOAD',1);
Insert into PACKMOVEANDGO.BOOKING (BOOKING_ID,BRANCH_ID,CUST_ID,BOOKING_DATE,SRC_BRANCH,DEST_BRANCH,RATE,PACK_LOAD_UNLOAD,DEST_AGENT_ID) values (82,2,1410065508,to_date('02-MAY-19','DD-MON-RR'),'2','4',10,'LOAD',1);
Insert into PACKMOVEANDGO.BOOKING (BOOKING_ID,BRANCH_ID,CUST_ID,BOOKING_DATE,SRC_BRANCH,DEST_BRANCH,RATE,PACK_LOAD_UNLOAD,DEST_AGENT_ID) values (87,4,1410065513,to_date('15-MAY-19','DD-MON-RR'),'1','3',10,'LOAD',1);
Insert into PACKMOVEANDGO.BOOKING (BOOKING_ID,BRANCH_ID,CUST_ID,BOOKING_DATE,SRC_BRANCH,DEST_BRANCH,RATE,PACK_LOAD_UNLOAD,DEST_AGENT_ID) values (89,1,1410065515,to_date('05-MAY-19','DD-MON-RR'),'1','3',10,'UNLOAD',1);
Insert into PACKMOVEANDGO.BOOKING (BOOKING_ID,BRANCH_ID,CUST_ID,BOOKING_DATE,SRC_BRANCH,DEST_BRANCH,RATE,PACK_LOAD_UNLOAD,DEST_AGENT_ID) values (91,1,1410065517,to_date('05-MAY-19','DD-MON-RR'),'1','3',10,'UNLOAD',1);
Insert into PACKMOVEANDGO.BOOKING (BOOKING_ID,BRANCH_ID,CUST_ID,BOOKING_DATE,SRC_BRANCH,DEST_BRANCH,RATE,PACK_LOAD_UNLOAD,DEST_AGENT_ID) values (66,2,1410065492,to_date('29-APR-19','DD-MON-RR'),'2','1',10,'UNLOAD',1);
Insert into PACKMOVEANDGO.BOOKING (BOOKING_ID,BRANCH_ID,CUST_ID,BOOKING_DATE,SRC_BRANCH,DEST_BRANCH,RATE,PACK_LOAD_UNLOAD,DEST_AGENT_ID) values (27,4,1410065453,to_date('21-APR-19','DD-MON-RR'),'3','4',10,'UNLOAD',1);
Insert into PACKMOVEANDGO.BOOKING (BOOKING_ID,BRANCH_ID,CUST_ID,BOOKING_DATE,SRC_BRANCH,DEST_BRANCH,RATE,PACK_LOAD_UNLOAD,DEST_AGENT_ID) values (26,3,1410065452,to_date('17-APR-19','DD-MON-RR'),'1','4',10,'UNLOAD',1);
Insert into PACKMOVEANDGO.BOOKING (BOOKING_ID,BRANCH_ID,CUST_ID,BOOKING_DATE,SRC_BRANCH,DEST_BRANCH,RATE,PACK_LOAD_UNLOAD,DEST_AGENT_ID) values (36,3,1410065462,to_date('11-APR-19','DD-MON-RR'),'3','4',10,'UNLOAD',1);
Insert into PACKMOVEANDGO.BOOKING (BOOKING_ID,BRANCH_ID,CUST_ID,BOOKING_DATE,SRC_BRANCH,DEST_BRANCH,RATE,PACK_LOAD_UNLOAD,DEST_AGENT_ID) values (38,3,1410065464,to_date('11-APR-19','DD-MON-RR'),'3','4',10,'UNLOAD',1);
Insert into PACKMOVEANDGO.BOOKING (BOOKING_ID,BRANCH_ID,CUST_ID,BOOKING_DATE,SRC_BRANCH,DEST_BRANCH,RATE,PACK_LOAD_UNLOAD,DEST_AGENT_ID) values (83,2,1410065509,to_date('02-MAY-19','DD-MON-RR'),'2','4',0,'LOAD',1);
Insert into PACKMOVEANDGO.BOOKING (BOOKING_ID,BRANCH_ID,CUST_ID,BOOKING_DATE,SRC_BRANCH,DEST_BRANCH,RATE,PACK_LOAD_UNLOAD,DEST_AGENT_ID) values (84,4,1410065510,to_date('15-MAY-19','DD-MON-RR'),'1','3',0,'LOAD',1);
Insert into PACKMOVEANDGO.BOOKING (BOOKING_ID,BRANCH_ID,CUST_ID,BOOKING_DATE,SRC_BRANCH,DEST_BRANCH,RATE,PACK_LOAD_UNLOAD,DEST_AGENT_ID) values (86,4,1410065512,to_date('15-MAY-19','DD-MON-RR'),'1','3',10,'LOAD',1);
Insert into PACKMOVEANDGO.BOOKING (BOOKING_ID,BRANCH_ID,CUST_ID,BOOKING_DATE,SRC_BRANCH,DEST_BRANCH,RATE,PACK_LOAD_UNLOAD,DEST_AGENT_ID) values (90,1,1410065516,to_date('05-MAY-19','DD-MON-RR'),'1','3',10,'UNLOAD',1);
Insert into PACKMOVEANDGO.BOOKING (BOOKING_ID,BRANCH_ID,CUST_ID,BOOKING_DATE,SRC_BRANCH,DEST_BRANCH,RATE,PACK_LOAD_UNLOAD,DEST_AGENT_ID) values (92,1,1410065518,to_date('03-MAY-19','DD-MON-RR'),'3','1',10,'LOAD',1);
REM INSERTING into PACKMOVEANDGO.BRANCH
SET DEFINE OFF;
Insert into PACKMOVEANDGO.BRANCH (BRANCH_ID,BRANCH_NAME,BRANCH_ADDRESS,BRANCH_PH,BRANCH_EMAIL) values (2,'Bhopal','MP Bhawan Bhopal','09754259990','saurav.mitm@gmail.com');
Insert into PACKMOVEANDGO.BRANCH (BRANCH_ID,BRANCH_NAME,BRANCH_ADDRESS,BRANCH_PH,BRANCH_EMAIL) values (3,'Gwalior','City Center Gwalior','09826259990','sachin.mitm@gmail.com');
Insert into PACKMOVEANDGO.BRANCH (BRANCH_ID,BRANCH_NAME,BRANCH_ADDRESS,BRANCH_PH,BRANCH_EMAIL) values (4,'Pune','Hindwali Road Pune','9826334856','pune@gmail.com');
Insert into PACKMOVEANDGO.BRANCH (BRANCH_ID,BRANCH_NAME,BRANCH_ADDRESS,BRANCH_PH,BRANCH_EMAIL) values (1,'Indore','Word no 06 In front of nagar palika','09827859990','saurav.mitm@gmail.com');
Insert into PACKMOVEANDGO.BRANCH (BRANCH_ID,BRANCH_NAME,BRANCH_ADDRESS,BRANCH_PH,BRANCH_EMAIL) values (21,'Raipur','Near Railway Station Raupur','09827859990','saurav.mitm@gmail.com');
REM INSERTING into PACKMOVEANDGO.BUSINESS_PARTNER
SET DEFINE OFF;
Insert into PACKMOVEANDGO.BUSINESS_PARTNER (AGENT_ID,AGENT_NAME,BRANCH_ID,AGENT_ADD,AGENT_PH,FACILITY) values (1,'SAURAV',2,'355 Ambedkar Nagar Indore','9827859990','REPRESENTATIVE');
Insert into PACKMOVEANDGO.BUSINESS_PARTNER (AGENT_ID,AGENT_NAME,BRANCH_ID,AGENT_ADD,AGENT_PH,FACILITY) values (21,'Chetan',21,'Goal Market Raipur','9827859990','REPRESENTATIVE');
REM INSERTING into PACKMOVEANDGO.CUSTOMER
SET DEFINE OFF;
Insert into PACKMOVEANDGO.CUSTOMER (CUST_ID,CUST_NAME,CUST_ADDRESS,CUST_PH,CUST_TYPE,CUST_CREDIT_LIMIT) values (1410065426,'SAURAV','Word no 06 In front of nagar palika, gandhi road mehgaon','09827859990','SYSTEM_USER',4);
Insert into PACKMOVEANDGO.CUSTOMER (CUST_ID,CUST_NAME,CUST_ADDRESS,CUST_PH,CUST_TYPE,CUST_CREDIT_LIMIT) values (1410065487,'Sachin','Indore','9754759990','CUSTOMER',4);
Insert into PACKMOVEANDGO.CUSTOMER (CUST_ID,CUST_NAME,CUST_ADDRESS,CUST_PH,CUST_TYPE,CUST_CREDIT_LIMIT) values (1410065455,'SAURAV','Word no 06 In front of nagar palika, gandhi road mehgaon','09827859990','CUSTOMER',4);
Insert into PACKMOVEANDGO.CUSTOMER (CUST_ID,CUST_NAME,CUST_ADDRESS,CUST_PH,CUST_TYPE,CUST_CREDIT_LIMIT) values (1410065460,'SAURAV','Word no 06 In front of nagar palika, gandhi road mehgaon','09827859990','CUSTOMER',4);
Insert into PACKMOVEANDGO.CUSTOMER (CUST_ID,CUST_NAME,CUST_ADDRESS,CUST_PH,CUST_TYPE,CUST_CREDIT_LIMIT) values (1410065488,'Kalpna','Word no 06 In front of nagar palika, gandhi road mehgaon','09827859990','CUSTOMER',4);
Insert into PACKMOVEANDGO.CUSTOMER (CUST_ID,CUST_NAME,CUST_ADDRESS,CUST_PH,CUST_TYPE,CUST_CREDIT_LIMIT) values (1410065454,'SAURAV','Word no 06 In front of nagar palika, gandhi road mehgaon','09827859990','CUSTOMER',4);
Insert into PACKMOVEANDGO.CUSTOMER (CUST_ID,CUST_NAME,CUST_ADDRESS,CUST_PH,CUST_TYPE,CUST_CREDIT_LIMIT) values (1410065459,'SAURAV','Word no 06 In front of nagar palika, gandhi road mehgaon','09827859990','CUSTOMER',4);
Insert into PACKMOVEANDGO.CUSTOMER (CUST_ID,CUST_NAME,CUST_ADDRESS,CUST_PH,CUST_TYPE,CUST_CREDIT_LIMIT) values (1410065456,'SAURAV','Word no 06 In front of nagar palika, gandhi road mehgaon','09827859990','CUSTOMER',4);
Insert into PACKMOVEANDGO.CUSTOMER (CUST_ID,CUST_NAME,CUST_ADDRESS,CUST_PH,CUST_TYPE,CUST_CREDIT_LIMIT) values (1410065461,'SAURAV','Word no 06 In front of nagar palika, gandhi road mehgaon','09827859990','CUSTOMER',4);
Insert into PACKMOVEANDGO.CUSTOMER (CUST_ID,CUST_NAME,CUST_ADDRESS,CUST_PH,CUST_TYPE,CUST_CREDIT_LIMIT) values (1410065463,'SAURAV','Word no 06 In front of nagar palika, gandhi road mehgaon','09827859990','CUSTOMER',4);
Insert into PACKMOVEANDGO.CUSTOMER (CUST_ID,CUST_NAME,CUST_ADDRESS,CUST_PH,CUST_TYPE,CUST_CREDIT_LIMIT) values (1410065514,'SAURAV','Word no 06 In front of nagar palika, gandhi road mehgaon','09827859990','CUSTOMER',4);
Insert into PACKMOVEANDGO.CUSTOMER (CUST_ID,CUST_NAME,CUST_ADDRESS,CUST_PH,CUST_TYPE,CUST_CREDIT_LIMIT) values (1410065519,'Vijendra','BG Block Indore','9754759990','CUSTOMER',4);
Insert into PACKMOVEANDGO.CUSTOMER (CUST_ID,CUST_NAME,CUST_ADDRESS,CUST_PH,CUST_TYPE,CUST_CREDIT_LIMIT) values (1410065457,'SAURAV','Word no 06 In front of nagar palika, gandhi road mehgaon','09827859990','CUSTOMER',4);
Insert into PACKMOVEANDGO.CUSTOMER (CUST_ID,CUST_NAME,CUST_ADDRESS,CUST_PH,CUST_TYPE,CUST_CREDIT_LIMIT) values (1410065458,'SAURAV','Word no 06 In front of nagar palika, gandhi road mehgaon','09827859990','CUSTOMER',4);
Insert into PACKMOVEANDGO.CUSTOMER (CUST_ID,CUST_NAME,CUST_ADDRESS,CUST_PH,CUST_TYPE,CUST_CREDIT_LIMIT) values (1410065467,'SAURAV','Word no 06 In front of nagar palika, gandhi road mehgaon','09827859990','CUSTOMER',4);
Insert into PACKMOVEANDGO.CUSTOMER (CUST_ID,CUST_NAME,CUST_ADDRESS,CUST_PH,CUST_TYPE,CUST_CREDIT_LIMIT) values (1410065489,'Raju','Word no 06 In front of nagar palika, gandhi road mehgaon','09827859990','CUSTOMER',4);
Insert into PACKMOVEANDGO.CUSTOMER (CUST_ID,CUST_NAME,CUST_ADDRESS,CUST_PH,CUST_TYPE,CUST_CREDIT_LIMIT) values (1410065490,'Rakesh Shukla','Word no 06 In front of nagar palika, gandhi road mehgaon','09827859990','CUSTOMER',4);
Insert into PACKMOVEANDGO.CUSTOMER (CUST_ID,CUST_NAME,CUST_ADDRESS,CUST_PH,CUST_TYPE,CUST_CREDIT_LIMIT) values (1410065491,'Rakesh Shukla','Word no 06 In front of nagar palika, gandhi road mehgaon','09827859990','CUSTOMER',4);
Insert into PACKMOVEANDGO.CUSTOMER (CUST_ID,CUST_NAME,CUST_ADDRESS,CUST_PH,CUST_TYPE,CUST_CREDIT_LIMIT) values (1410065507,'SAURAV','Word no 06 In front of nagar palika, gandhi road mehgaon','09827859990','CUSTOMER',4);
Insert into PACKMOVEANDGO.CUSTOMER (CUST_ID,CUST_NAME,CUST_ADDRESS,CUST_PH,CUST_TYPE,CUST_CREDIT_LIMIT) values (1410065508,'SAURAV','Word no 06 In front of nagar palika, gandhi road mehgaon','09827859990','CUSTOMER',4);
Insert into PACKMOVEANDGO.CUSTOMER (CUST_ID,CUST_NAME,CUST_ADDRESS,CUST_PH,CUST_TYPE,CUST_CREDIT_LIMIT) values (1410065510,'SAURAV','Word no 06 In front of nagar palika, gandhi road mehgaon','09827859990','CUSTOMER',4);
Insert into PACKMOVEANDGO.CUSTOMER (CUST_ID,CUST_NAME,CUST_ADDRESS,CUST_PH,CUST_TYPE,CUST_CREDIT_LIMIT) values (1410065515,'Suraj','Ambedkar Nagar Indore','8871243260','CUSTOMER',4);
Insert into PACKMOVEANDGO.CUSTOMER (CUST_ID,CUST_NAME,CUST_ADDRESS,CUST_PH,CUST_TYPE,CUST_CREDIT_LIMIT) values (1410065453,'Suraj Shakya','Word no 06 In front of nagar palika, gandhi road mehgaon','09827859990','CUSTOMER',4);
Insert into PACKMOVEANDGO.CUSTOMER (CUST_ID,CUST_NAME,CUST_ADDRESS,CUST_PH,CUST_TYPE,CUST_CREDIT_LIMIT) values (1410065492,'Anjana','Indore','9827898278','CUSTOMER',4);
Insert into PACKMOVEANDGO.CUSTOMER (CUST_ID,CUST_NAME,CUST_ADDRESS,CUST_PH,CUST_TYPE,CUST_CREDIT_LIMIT) values (1410065425,'SAURAV','Word no 06 In front of nagar palika, gandhi road mehgaon','09827859990','ADMINISTRATOR',4);
Insert into PACKMOVEANDGO.CUSTOMER (CUST_ID,CUST_NAME,CUST_ADDRESS,CUST_PH,CUST_TYPE,CUST_CREDIT_LIMIT) values (1410065464,'SAURAV','Word no 06 In front of nagar palika, gandhi road mehgaon','09827859990','CUSTOMER',4);
Insert into PACKMOVEANDGO.CUSTOMER (CUST_ID,CUST_NAME,CUST_ADDRESS,CUST_PH,CUST_TYPE,CUST_CREDIT_LIMIT) values (1410065452,'Somil Jain','Flat no. 02, Behind JK Plaza, Gast ka tajiya','9575475834','CUSTOMER',4);
Insert into PACKMOVEANDGO.CUSTOMER (CUST_ID,CUST_NAME,CUST_ADDRESS,CUST_PH,CUST_TYPE,CUST_CREDIT_LIMIT) values (1410065462,'SAURAV','Word no 06 In front of nagar palika, gandhi road mehgaon','09827859990','CUSTOMER',4);
Insert into PACKMOVEANDGO.CUSTOMER (CUST_ID,CUST_NAME,CUST_ADDRESS,CUST_PH,CUST_TYPE,CUST_CREDIT_LIMIT) values (1410065509,'SAURAV','Word no 06 In front of nagar palika, gandhi road mehgaon','09827859990','CUSTOMER',4);
Insert into PACKMOVEANDGO.CUSTOMER (CUST_ID,CUST_NAME,CUST_ADDRESS,CUST_PH,CUST_TYPE,CUST_CREDIT_LIMIT) values (1410065511,'SAURAV','Word no 06 In front of nagar palika, gandhi road mehgaon','09827859990','CUSTOMER',4);
Insert into PACKMOVEANDGO.CUSTOMER (CUST_ID,CUST_NAME,CUST_ADDRESS,CUST_PH,CUST_TYPE,CUST_CREDIT_LIMIT) values (1410065512,'SAURAV','Word no 06 In front of nagar palika, gandhi road mehgaon','09827859990','CUSTOMER',4);
Insert into PACKMOVEANDGO.CUSTOMER (CUST_ID,CUST_NAME,CUST_ADDRESS,CUST_PH,CUST_TYPE,CUST_CREDIT_LIMIT) values (1410065513,'SAURAV','Word no 06 In front of nagar palika, gandhi road mehgaon','09827859990','CUSTOMER',4);
Insert into PACKMOVEANDGO.CUSTOMER (CUST_ID,CUST_NAME,CUST_ADDRESS,CUST_PH,CUST_TYPE,CUST_CREDIT_LIMIT) values (1410065516,'Suraj','Ambedkar Nagar Indore','8871243260','CUSTOMER',4);
Insert into PACKMOVEANDGO.CUSTOMER (CUST_ID,CUST_NAME,CUST_ADDRESS,CUST_PH,CUST_TYPE,CUST_CREDIT_LIMIT) values (1410065517,'Suraj','Ambedkar Nagar Indore','8871243260','CUSTOMER',4);
Insert into PACKMOVEANDGO.CUSTOMER (CUST_ID,CUST_NAME,CUST_ADDRESS,CUST_PH,CUST_TYPE,CUST_CREDIT_LIMIT) values (1410065518,'Chetan','BM304 DD Nagar Gwalior','8109612627','CUSTOMER',4);
REM INSERTING into PACKMOVEANDGO.ENQUIRY
SET DEFINE OFF;
Insert into PACKMOVEANDGO.ENQUIRY (ENQ_ID,BRANCH_ID,SERVICE_ID,PERSON_NAME,PERSON_ADDRESS,PERSON_PH) values (21,3,3,'SAURAV','Word no 06 In front of nagar palika','09827859990');
Insert into PACKMOVEANDGO.ENQUIRY (ENQ_ID,BRANCH_ID,SERVICE_ID,PERSON_NAME,PERSON_ADDRESS,PERSON_PH) values (4,3,2,'SAURAV','Word no 06 In front of nagar palika, gandhi road mehgaon','09827859990');
REM INSERTING into PACKMOVEANDGO.ITEM
SET DEFINE OFF;
Insert into PACKMOVEANDGO.ITEM (ITEM_ID,ITEM_NAME,ITEM_TYPE) values (23,'Mobile','Goods');
Insert into PACKMOVEANDGO.ITEM (ITEM_ID,ITEM_NAME,ITEM_TYPE) values (41,'Grocery','Food');
Insert into PACKMOVEANDGO.ITEM (ITEM_ID,ITEM_NAME,ITEM_TYPE) values (24,'Cooler','Transport');
Insert into PACKMOVEANDGO.ITEM (ITEM_ID,ITEM_NAME,ITEM_TYPE) values (25,'Office Material','Transport');
REM INSERTING into PACKMOVEANDGO.LOGIN
SET DEFINE OFF;
Insert into PACKMOVEANDGO.LOGIN (CUST_ID,PASSWORD,CUST_TYPE,LOGIN_SERIAL_NO) values (1410065426,'jain','SYSTEM_USER',2);
Insert into PACKMOVEANDGO.LOGIN (CUST_ID,PASSWORD,CUST_TYPE,LOGIN_SERIAL_NO) values (1410065425,'jain','ADMINISTRATOR',1);
REM INSERTING into PACKMOVEANDGO.MATERIAL_USED
SET DEFINE OFF;
Insert into PACKMOVEANDGO.MATERIAL_USED (BRANCH_ID,PACK_MAT_ID,QTY,MAT_ID) values (2,0,5,41);
Insert into PACKMOVEANDGO.MATERIAL_USED (BRANCH_ID,PACK_MAT_ID,QTY,MAT_ID) values (2,0,5,9);
Insert into PACKMOVEANDGO.MATERIAL_USED (BRANCH_ID,PACK_MAT_ID,QTY,MAT_ID) values (3,0,5,14);
Insert into PACKMOVEANDGO.MATERIAL_USED (BRANCH_ID,PACK_MAT_ID,QTY,MAT_ID) values (3,0,10,42);
Insert into PACKMOVEANDGO.MATERIAL_USED (BRANCH_ID,PACK_MAT_ID,QTY,MAT_ID) values (2,0,5,8);
Insert into PACKMOVEANDGO.MATERIAL_USED (BRANCH_ID,PACK_MAT_ID,QTY,MAT_ID) values (2,0,5,10);
Insert into PACKMOVEANDGO.MATERIAL_USED (BRANCH_ID,PACK_MAT_ID,QTY,MAT_ID) values (3,0,5,13);
Insert into PACKMOVEANDGO.MATERIAL_USED (BRANCH_ID,PACK_MAT_ID,QTY,MAT_ID) values (3,0,5,15);
Insert into PACKMOVEANDGO.MATERIAL_USED (BRANCH_ID,PACK_MAT_ID,QTY,MAT_ID) values (3,0,5,17);
Insert into PACKMOVEANDGO.MATERIAL_USED (BRANCH_ID,PACK_MAT_ID,QTY,MAT_ID) values (3,0,5,18);
Insert into PACKMOVEANDGO.MATERIAL_USED (BRANCH_ID,PACK_MAT_ID,QTY,MAT_ID) values (1,0,50,73);
Insert into PACKMOVEANDGO.MATERIAL_USED (BRANCH_ID,PACK_MAT_ID,QTY,MAT_ID) values (2,0,5,11);
Insert into PACKMOVEANDGO.MATERIAL_USED (BRANCH_ID,PACK_MAT_ID,QTY,MAT_ID) values (2,0,5,12);
Insert into PACKMOVEANDGO.MATERIAL_USED (BRANCH_ID,PACK_MAT_ID,QTY,MAT_ID) values (2,0,3,21);
Insert into PACKMOVEANDGO.MATERIAL_USED (BRANCH_ID,PACK_MAT_ID,QTY,MAT_ID) values (3,0,10,43);
Insert into PACKMOVEANDGO.MATERIAL_USED (BRANCH_ID,PACK_MAT_ID,QTY,MAT_ID) values (1,0,10,44);
Insert into PACKMOVEANDGO.MATERIAL_USED (BRANCH_ID,PACK_MAT_ID,QTY,MAT_ID) values (1,0,10,45);
Insert into PACKMOVEANDGO.MATERIAL_USED (BRANCH_ID,PACK_MAT_ID,QTY,MAT_ID) values (3,0,5,61);
Insert into PACKMOVEANDGO.MATERIAL_USED (BRANCH_ID,PACK_MAT_ID,QTY,MAT_ID) values (2,0,10,62);
Insert into PACKMOVEANDGO.MATERIAL_USED (BRANCH_ID,PACK_MAT_ID,QTY,MAT_ID) values (1,0,5,71);
Insert into PACKMOVEANDGO.MATERIAL_USED (BRANCH_ID,PACK_MAT_ID,QTY,MAT_ID) values (3,0,5,7);
Insert into PACKMOVEANDGO.MATERIAL_USED (BRANCH_ID,PACK_MAT_ID,QTY,MAT_ID) values (2,0,10,46);
Insert into PACKMOVEANDGO.MATERIAL_USED (BRANCH_ID,PACK_MAT_ID,QTY,MAT_ID) values (3,0,5,6);
Insert into PACKMOVEANDGO.MATERIAL_USED (BRANCH_ID,PACK_MAT_ID,QTY,MAT_ID) values (3,0,5,16);
Insert into PACKMOVEANDGO.MATERIAL_USED (BRANCH_ID,PACK_MAT_ID,QTY,MAT_ID) values (2,0,10,63);
Insert into PACKMOVEANDGO.MATERIAL_USED (BRANCH_ID,PACK_MAT_ID,QTY,MAT_ID) values (4,0,10,64);
Insert into PACKMOVEANDGO.MATERIAL_USED (BRANCH_ID,PACK_MAT_ID,QTY,MAT_ID) values (4,0,10,65);
Insert into PACKMOVEANDGO.MATERIAL_USED (BRANCH_ID,PACK_MAT_ID,QTY,MAT_ID) values (4,0,10,66);
Insert into PACKMOVEANDGO.MATERIAL_USED (BRANCH_ID,PACK_MAT_ID,QTY,MAT_ID) values (4,0,10,67);
Insert into PACKMOVEANDGO.MATERIAL_USED (BRANCH_ID,PACK_MAT_ID,QTY,MAT_ID) values (4,0,10,68);
Insert into PACKMOVEANDGO.MATERIAL_USED (BRANCH_ID,PACK_MAT_ID,QTY,MAT_ID) values (1,0,5,69);
Insert into PACKMOVEANDGO.MATERIAL_USED (BRANCH_ID,PACK_MAT_ID,QTY,MAT_ID) values (1,0,5,70);
Insert into PACKMOVEANDGO.MATERIAL_USED (BRANCH_ID,PACK_MAT_ID,QTY,MAT_ID) values (3,0,25,72);
REM INSERTING into PACKMOVEANDGO.ORDERS
SET DEFINE OFF;
Insert into PACKMOVEANDGO.ORDERS (ORDER_ID,CUST_ID,BRANCH_ID,ITEM_ID,QTY,APPROX_EXPEND,STATUS) values (41,1410065487,2,23,5,'30','D');
Insert into PACKMOVEANDGO.ORDERS (ORDER_ID,CUST_ID,BRANCH_ID,ITEM_ID,QTY,APPROX_EXPEND,STATUS) values (6,1410065455,2,23,5,'30','D');
Insert into PACKMOVEANDGO.ORDERS (ORDER_ID,CUST_ID,BRANCH_ID,ITEM_ID,QTY,APPROX_EXPEND,STATUS) values (11,1410065460,3,24,5,'30','A');
Insert into PACKMOVEANDGO.ORDERS (ORDER_ID,CUST_ID,BRANCH_ID,ITEM_ID,QTY,APPROX_EXPEND,STATUS) values (42,1410065488,3,25,10,'30','A');
Insert into PACKMOVEANDGO.ORDERS (ORDER_ID,CUST_ID,BRANCH_ID,ITEM_ID,QTY,APPROX_EXPEND,STATUS) values (46,1410065492,2,24,10,'30','A');
Insert into PACKMOVEANDGO.ORDERS (ORDER_ID,CUST_ID,BRANCH_ID,ITEM_ID,QTY,APPROX_EXPEND,STATUS) values (10,1410065459,3,24,5,'30','A');
Insert into PACKMOVEANDGO.ORDERS (ORDER_ID,CUST_ID,BRANCH_ID,ITEM_ID,QTY,APPROX_EXPEND,STATUS) values (5,1410065454,2,23,5,'30','A');
Insert into PACKMOVEANDGO.ORDERS (ORDER_ID,CUST_ID,BRANCH_ID,ITEM_ID,QTY,APPROX_EXPEND,STATUS) values (7,1410065456,2,23,5,'30','A');
Insert into PACKMOVEANDGO.ORDERS (ORDER_ID,CUST_ID,BRANCH_ID,ITEM_ID,QTY,APPROX_EXPEND,STATUS) values (12,1410065461,3,24,5,'30','A');
Insert into PACKMOVEANDGO.ORDERS (ORDER_ID,CUST_ID,BRANCH_ID,ITEM_ID,QTY,APPROX_EXPEND,STATUS) values (13,1410065462,3,24,5,'30','A');
Insert into PACKMOVEANDGO.ORDERS (ORDER_ID,CUST_ID,BRANCH_ID,ITEM_ID,QTY,APPROX_EXPEND,STATUS) values (15,1410065464,3,24,5,'30','A');
Insert into PACKMOVEANDGO.ORDERS (ORDER_ID,CUST_ID,BRANCH_ID,ITEM_ID,QTY,APPROX_EXPEND,STATUS) values (65,1410065511,4,25,10,'30','A');
Insert into PACKMOVEANDGO.ORDERS (ORDER_ID,CUST_ID,BRANCH_ID,ITEM_ID,QTY,APPROX_EXPEND,STATUS) values (73,1410065519,1,41,50,'30','A');
Insert into PACKMOVEANDGO.ORDERS (ORDER_ID,CUST_ID,BRANCH_ID,ITEM_ID,QTY,APPROX_EXPEND,STATUS) values (8,1410065457,2,23,5,'30','A');
Insert into PACKMOVEANDGO.ORDERS (ORDER_ID,CUST_ID,BRANCH_ID,ITEM_ID,QTY,APPROX_EXPEND,STATUS) values (9,1410065458,2,23,5,'30','A');
Insert into PACKMOVEANDGO.ORDERS (ORDER_ID,CUST_ID,BRANCH_ID,ITEM_ID,QTY,APPROX_EXPEND,STATUS) values (21,1410065467,2,23,3,'30','A');
Insert into PACKMOVEANDGO.ORDERS (ORDER_ID,CUST_ID,BRANCH_ID,ITEM_ID,QTY,APPROX_EXPEND,STATUS) values (43,1410065489,3,25,10,'30','A');
Insert into PACKMOVEANDGO.ORDERS (ORDER_ID,CUST_ID,BRANCH_ID,ITEM_ID,QTY,APPROX_EXPEND,STATUS) values (44,1410065490,1,24,10,'30','A');
Insert into PACKMOVEANDGO.ORDERS (ORDER_ID,CUST_ID,BRANCH_ID,ITEM_ID,QTY,APPROX_EXPEND,STATUS) values (45,1410065491,1,24,10,'30','A');
Insert into PACKMOVEANDGO.ORDERS (ORDER_ID,CUST_ID,BRANCH_ID,ITEM_ID,QTY,APPROX_EXPEND,STATUS) values (61,1410065507,3,24,5,'30','A');
Insert into PACKMOVEANDGO.ORDERS (ORDER_ID,CUST_ID,BRANCH_ID,ITEM_ID,QTY,APPROX_EXPEND,STATUS) values (62,1410065508,2,25,10,'30','A');
Insert into PACKMOVEANDGO.ORDERS (ORDER_ID,CUST_ID,BRANCH_ID,ITEM_ID,QTY,APPROX_EXPEND,STATUS) values (64,1410065510,4,25,10,'30','A');
Insert into PACKMOVEANDGO.ORDERS (ORDER_ID,CUST_ID,BRANCH_ID,ITEM_ID,QTY,APPROX_EXPEND,STATUS) values (67,1410065513,4,25,10,'30','A');
Insert into PACKMOVEANDGO.ORDERS (ORDER_ID,CUST_ID,BRANCH_ID,ITEM_ID,QTY,APPROX_EXPEND,STATUS) values (69,1410065515,1,25,5,'30','A');
Insert into PACKMOVEANDGO.ORDERS (ORDER_ID,CUST_ID,BRANCH_ID,ITEM_ID,QTY,APPROX_EXPEND,STATUS) values (4,1410065453,3,25,5,'30','A');
Insert into PACKMOVEANDGO.ORDERS (ORDER_ID,CUST_ID,BRANCH_ID,ITEM_ID,QTY,APPROX_EXPEND,STATUS) values (66,1410065512,4,25,10,'30','A');
Insert into PACKMOVEANDGO.ORDERS (ORDER_ID,CUST_ID,BRANCH_ID,ITEM_ID,QTY,APPROX_EXPEND,STATUS) values (3,1410065452,3,25,5,'30','A');
Insert into PACKMOVEANDGO.ORDERS (ORDER_ID,CUST_ID,BRANCH_ID,ITEM_ID,QTY,APPROX_EXPEND,STATUS) values (14,1410065463,3,24,5,'30','A');
Insert into PACKMOVEANDGO.ORDERS (ORDER_ID,CUST_ID,BRANCH_ID,ITEM_ID,QTY,APPROX_EXPEND,STATUS) values (63,1410065509,2,25,10,'30','A');
Insert into PACKMOVEANDGO.ORDERS (ORDER_ID,CUST_ID,BRANCH_ID,ITEM_ID,QTY,APPROX_EXPEND,STATUS) values (68,1410065514,4,25,10,'30','A');
Insert into PACKMOVEANDGO.ORDERS (ORDER_ID,CUST_ID,BRANCH_ID,ITEM_ID,QTY,APPROX_EXPEND,STATUS) values (70,1410065516,1,25,5,'30','A');
Insert into PACKMOVEANDGO.ORDERS (ORDER_ID,CUST_ID,BRANCH_ID,ITEM_ID,QTY,APPROX_EXPEND,STATUS) values (71,1410065517,1,25,5,'30','A');
Insert into PACKMOVEANDGO.ORDERS (ORDER_ID,CUST_ID,BRANCH_ID,ITEM_ID,QTY,APPROX_EXPEND,STATUS) values (72,1410065518,3,25,25,'30','A');
REM INSERTING into PACKMOVEANDGO.PACKING_MATERIALS
SET DEFINE OFF;
Insert into PACKMOVEANDGO.PACKING_MATERIALS (PACK_MAT_ID,PACK_MAT_DESC,COST_PER_UNIT,MAT_ID) values (41,'This is car ',10,41);
Insert into PACKMOVEANDGO.PACKING_MATERIALS (PACK_MAT_ID,PACK_MAT_DESC,COST_PER_UNIT,MAT_ID) values (8,'This is car ',10,9);
Insert into PACKMOVEANDGO.PACKING_MATERIALS (PACK_MAT_ID,PACK_MAT_DESC,COST_PER_UNIT,MAT_ID) values (13,'This is car ',10,14);
Insert into PACKMOVEANDGO.PACKING_MATERIALS (PACK_MAT_ID,PACK_MAT_DESC,COST_PER_UNIT,MAT_ID) values (42,'This is car ',10,42);
Insert into PACKMOVEANDGO.PACKING_MATERIALS (PACK_MAT_ID,PACK_MAT_DESC,COST_PER_UNIT,MAT_ID) values (46,'This is car ',10,46);
Insert into PACKMOVEANDGO.PACKING_MATERIALS (PACK_MAT_ID,PACK_MAT_DESC,COST_PER_UNIT,MAT_ID) values (12,'This is car ',10,13);
Insert into PACKMOVEANDGO.PACKING_MATERIALS (PACK_MAT_ID,PACK_MAT_DESC,COST_PER_UNIT,MAT_ID) values (7,'This is car ',10,8);
Insert into PACKMOVEANDGO.PACKING_MATERIALS (PACK_MAT_ID,PACK_MAT_DESC,COST_PER_UNIT,MAT_ID) values (9,'This is car ',10,10);
Insert into PACKMOVEANDGO.PACKING_MATERIALS (PACK_MAT_ID,PACK_MAT_DESC,COST_PER_UNIT,MAT_ID) values (14,'This is car ',10,15);
Insert into PACKMOVEANDGO.PACKING_MATERIALS (PACK_MAT_ID,PACK_MAT_DESC,COST_PER_UNIT,MAT_ID) values (65,'Load the Item and Received and Delivery ',0,65);
Insert into PACKMOVEANDGO.PACKING_MATERIALS (PACK_MAT_ID,PACK_MAT_DESC,COST_PER_UNIT,MAT_ID) values (73,'Warehause unload storage material',0,73);
Insert into PACKMOVEANDGO.PACKING_MATERIALS (PACK_MAT_ID,PACK_MAT_DESC,COST_PER_UNIT,MAT_ID) values (10,'This is car ',10,11);
Insert into PACKMOVEANDGO.PACKING_MATERIALS (PACK_MAT_ID,PACK_MAT_DESC,COST_PER_UNIT,MAT_ID) values (11,'This is car ',10,12);
Insert into PACKMOVEANDGO.PACKING_MATERIALS (PACK_MAT_ID,PACK_MAT_DESC,COST_PER_UNIT,MAT_ID) values (21,'This is car ',10,21);
Insert into PACKMOVEANDGO.PACKING_MATERIALS (PACK_MAT_ID,PACK_MAT_DESC,COST_PER_UNIT,MAT_ID) values (43,'This is car ',10,43);
Insert into PACKMOVEANDGO.PACKING_MATERIALS (PACK_MAT_ID,PACK_MAT_DESC,COST_PER_UNIT,MAT_ID) values (44,'This is car ',10,44);
Insert into PACKMOVEANDGO.PACKING_MATERIALS (PACK_MAT_ID,PACK_MAT_DESC,COST_PER_UNIT,MAT_ID) values (45,'This is car ',10,45);
Insert into PACKMOVEANDGO.PACKING_MATERIALS (PACK_MAT_ID,PACK_MAT_DESC,COST_PER_UNIT,MAT_ID) values (61,'5',5,61);
Insert into PACKMOVEANDGO.PACKING_MATERIALS (PACK_MAT_ID,PACK_MAT_DESC,COST_PER_UNIT,MAT_ID) values (62,'Load the Item and Received and Delivery ',0,62);
Insert into PACKMOVEANDGO.PACKING_MATERIALS (PACK_MAT_ID,PACK_MAT_DESC,COST_PER_UNIT,MAT_ID) values (64,'Load the Item and Received and Delivery ',0,64);
Insert into PACKMOVEANDGO.PACKING_MATERIALS (PACK_MAT_ID,PACK_MAT_DESC,COST_PER_UNIT,MAT_ID) values (67,'Load the Item and Received and Delivery ',0,67);
Insert into PACKMOVEANDGO.PACKING_MATERIALS (PACK_MAT_ID,PACK_MAT_DESC,COST_PER_UNIT,MAT_ID) values (69,'Load the Item and Received and Delivery ',0,69);
Insert into PACKMOVEANDGO.PACKING_MATERIALS (PACK_MAT_ID,PACK_MAT_DESC,COST_PER_UNIT,MAT_ID) values (6,'This is car ',10,7);
Insert into PACKMOVEANDGO.PACKING_MATERIALS (PACK_MAT_ID,PACK_MAT_DESC,COST_PER_UNIT,MAT_ID) values (5,'This is car ',10,6);
Insert into PACKMOVEANDGO.PACKING_MATERIALS (PACK_MAT_ID,PACK_MAT_DESC,COST_PER_UNIT,MAT_ID) values (15,'This is car ',10,16);
Insert into PACKMOVEANDGO.PACKING_MATERIALS (PACK_MAT_ID,PACK_MAT_DESC,COST_PER_UNIT,MAT_ID) values (16,'This is car ',10,17);
Insert into PACKMOVEANDGO.PACKING_MATERIALS (PACK_MAT_ID,PACK_MAT_DESC,COST_PER_UNIT,MAT_ID) values (17,'This is car ',10,18);
Insert into PACKMOVEANDGO.PACKING_MATERIALS (PACK_MAT_ID,PACK_MAT_DESC,COST_PER_UNIT,MAT_ID) values (63,'Load the Item and Received and Delivery ',0,63);
Insert into PACKMOVEANDGO.PACKING_MATERIALS (PACK_MAT_ID,PACK_MAT_DESC,COST_PER_UNIT,MAT_ID) values (66,'Load the Item and Received and Delivery ',0,66);
Insert into PACKMOVEANDGO.PACKING_MATERIALS (PACK_MAT_ID,PACK_MAT_DESC,COST_PER_UNIT,MAT_ID) values (68,'Load the Item and Received and Delivery ',0,68);
Insert into PACKMOVEANDGO.PACKING_MATERIALS (PACK_MAT_ID,PACK_MAT_DESC,COST_PER_UNIT,MAT_ID) values (70,'Load the Item and Received and Delivery ',0,70);
Insert into PACKMOVEANDGO.PACKING_MATERIALS (PACK_MAT_ID,PACK_MAT_DESC,COST_PER_UNIT,MAT_ID) values (71,'Load the Item and Received and Delivery ',0,71);
Insert into PACKMOVEANDGO.PACKING_MATERIALS (PACK_MAT_ID,PACK_MAT_DESC,COST_PER_UNIT,MAT_ID) values (72,'Load the Item and Received and Delivery',0,72);
REM INSERTING into PACKMOVEANDGO.RATES
SET DEFINE OFF;
Insert into PACKMOVEANDGO.RATES (ITEM_ID,CHARGE_PER_KM,SERVICE_TYPE,RATE_ID) values (25,10,'Household Shifting Service',3);
Insert into PACKMOVEANDGO.RATES (ITEM_ID,CHARGE_PER_KM,SERVICE_TYPE,RATE_ID) values (41,20,'Warehousing Storage Service',21);
REM INSERTING into PACKMOVEANDGO.SEND_ENQUIRY
SET DEFINE OFF;
Insert into PACKMOVEANDGO.SEND_ENQUIRY (SENDENQUIRYID,NAME,MOBILE,MOVEFROM,MOVETO,MOVEDATE,MESSAGE,EMAIL) values (4,'SAURAV','9827859990','Gwalior','Pune',to_date('04-APR-19','DD-MON-RR'),'Testing','saurav.mitm@gmail.com');
Insert into PACKMOVEANDGO.SEND_ENQUIRY (SENDENQUIRYID,NAME,MOBILE,MOVEFROM,MOVETO,MOVEDATE,MESSAGE,EMAIL) values (6,'SAURAV','9827859990','Gwalior','Pune',to_date('18-APR-19','DD-MON-RR'),'Home Testing','saurav.mitm@gmail.com');
Insert into PACKMOVEANDGO.SEND_ENQUIRY (SENDENQUIRYID,NAME,MOBILE,MOVEFROM,MOVETO,MOVEDATE,MESSAGE,EMAIL) values (7,'SAURAV','9827859990','Gwalior','Indore',to_date('02-APR-19','DD-MON-RR'),'Service Testing','saurav.mitm@gmail.com');
Insert into PACKMOVEANDGO.SEND_ENQUIRY (SENDENQUIRYID,NAME,MOBILE,MOVEFROM,MOVETO,MOVEDATE,MESSAGE,EMAIL) values (11,'SAURAV','9827859990','Bhopal','Indore',to_date('17-APR-19','DD-MON-RR'),'AboutUs Testing','saurav.mitm@gmail.com');
Insert into PACKMOVEANDGO.SEND_ENQUIRY (SENDENQUIRYID,NAME,MOBILE,MOVEFROM,MOVETO,MOVEDATE,MESSAGE,EMAIL) values (15,'SAURAV','9827859990','Gwalior','Gwalior',to_date('03-APR-19','DD-MON-RR'),'Transportation Services Testing','saurav.mitm@gmail.com');
Insert into PACKMOVEANDGO.SEND_ENQUIRY (SENDENQUIRYID,NAME,MOBILE,MOVEFROM,MOVETO,MOVEDATE,MESSAGE,EMAIL) values (14,'SAURAV','9827859990','Pune','Indore',to_date('18-APR-19','DD-MON-RR'),'Car Carrier Services Testing','saurav.mitm@gmail.com');
Insert into PACKMOVEANDGO.SEND_ENQUIRY (SENDENQUIRYID,NAME,MOBILE,MOVEFROM,MOVETO,MOVEDATE,MESSAGE,EMAIL) values (16,'SAURAV','9827859990','Pune','Pune',to_date('17-APR-19','DD-MON-RR'),'Office and Local Shifting Services Testing','saurav.mitm@gmail.com');
Insert into PACKMOVEANDGO.SEND_ENQUIRY (SENDENQUIRYID,NAME,MOBILE,MOVEFROM,MOVETO,MOVEDATE,MESSAGE,EMAIL) values (18,'SAURAV','9827859990','Gwalior','Pune',to_date('25-APR-19','DD-MON-RR'),'Warehousing Services Testing','saurav.mitm@gmail.com');
Insert into PACKMOVEANDGO.SEND_ENQUIRY (SENDENQUIRYID,NAME,MOBILE,MOVEFROM,MOVETO,MOVEDATE,MESSAGE,EMAIL) values (21,'SAURAV','09827859990','Bhopal','Gwalior',to_date('03-MAY-19','DD-MON-RR'),'Testing','saurav.mitm@gmail.com');
Insert into PACKMOVEANDGO.SEND_ENQUIRY (SENDENQUIRYID,NAME,MOBILE,MOVEFROM,MOVETO,MOVEDATE,MESSAGE,EMAIL) values (5,'SAURAV','9827859990','Gwalior','Pune',to_date('01-APR-19','DD-MON-RR'),'AboutUsTesting','saurav.mitm@gmail.com');
Insert into PACKMOVEANDGO.SEND_ENQUIRY (SENDENQUIRYID,NAME,MOBILE,MOVEFROM,MOVETO,MOVEDATE,MESSAGE,EMAIL) values (8,'SAURAV','9827859990','Bhopal','Indore',to_date('04-APR-19','DD-MON-RR'),'Client Testing','saurav.mitm@gmail.com');
Insert into PACKMOVEANDGO.SEND_ENQUIRY (SENDENQUIRYID,NAME,MOBILE,MOVEFROM,MOVETO,MOVEDATE,MESSAGE,EMAIL) values (9,'SAURAV','9827859990','Gwalior','Gwalior',to_date('05-APR-19','DD-MON-RR'),'Process Testing','saurav.mitm@gmail.com');
Insert into PACKMOVEANDGO.SEND_ENQUIRY (SENDENQUIRYID,NAME,MOBILE,MOVEFROM,MOVETO,MOVEDATE,MESSAGE,EMAIL) values (10,'SAURAV','9827859990','Gwalior','Pune',to_date('03-APR-19','DD-MON-RR'),'ContactUs Testing','saurav.mitm@gmail.com');
Insert into PACKMOVEANDGO.SEND_ENQUIRY (SENDENQUIRYID,NAME,MOBILE,MOVEFROM,MOVETO,MOVEDATE,MESSAGE,EMAIL) values (12,'SAURAV','9827859990','Bhopal','Gwalior',to_date('10-APR-19','DD-MON-RR'),'Loading and Unloading Services Testing','saurav.mitm@gmail.com');
Insert into PACKMOVEANDGO.SEND_ENQUIRY (SENDENQUIRYID,NAME,MOBILE,MOVEFROM,MOVETO,MOVEDATE,MESSAGE,EMAIL) values (13,'SAURAV','9827859990','Pune','Pune',to_date('02-MAY-19','DD-MON-RR'),'Packing and Moving Services Testing','saurav.mitm@gmail.com');
Insert into PACKMOVEANDGO.SEND_ENQUIRY (SENDENQUIRYID,NAME,MOBILE,MOVEFROM,MOVETO,MOVEDATE,MESSAGE,EMAIL) values (17,'SAURAV','9827859990','Pune','Pune',to_date('22-MAR-19','DD-MON-RR'),'Insurance Services Testing','saurav.mitm@gmail.com');
REM INSERTING into PACKMOVEANDGO.SERVICES
SET DEFINE OFF;
Insert into PACKMOVEANDGO.SERVICES (SERVICE_ID,SERVICE_NAME,SERVICE_TYPE,CHARGE_PER_KM) values (2,'Office','Shipping Services',7);
Insert into PACKMOVEANDGO.SERVICES (SERVICE_ID,SERVICE_NAME,SERVICE_TYPE,CHARGE_PER_KM) values (3,'House','Household Shifting Service',10);
Insert into PACKMOVEANDGO.SERVICES (SERVICE_ID,SERVICE_NAME,SERVICE_TYPE,CHARGE_PER_KM) values (21,'Warehause','Warehousing Storage Service',20);
REM INSERTING into PACKMOVEANDGO.SHIPMENT
SET DEFINE OFF;
Insert into PACKMOVEANDGO.SHIPMENT (BRANCH_ID,ITEM_ID,QTY,SHIPMENT_ID,BOOKING_ID) values (2,23,5,41,61);
Insert into PACKMOVEANDGO.SHIPMENT (BRANCH_ID,ITEM_ID,QTY,SHIPMENT_ID,BOOKING_ID) values (2,23,5,8,29);
Insert into PACKMOVEANDGO.SHIPMENT (BRANCH_ID,ITEM_ID,QTY,SHIPMENT_ID,BOOKING_ID) values (3,24,5,13,34);
Insert into PACKMOVEANDGO.SHIPMENT (BRANCH_ID,ITEM_ID,QTY,SHIPMENT_ID,BOOKING_ID) values (3,25,10,42,62);
Insert into PACKMOVEANDGO.SHIPMENT (BRANCH_ID,ITEM_ID,QTY,SHIPMENT_ID,BOOKING_ID) values (2,24,10,46,66);
Insert into PACKMOVEANDGO.SHIPMENT (BRANCH_ID,ITEM_ID,QTY,SHIPMENT_ID,BOOKING_ID) values (3,24,5,12,33);
Insert into PACKMOVEANDGO.SHIPMENT (BRANCH_ID,ITEM_ID,QTY,SHIPMENT_ID,BOOKING_ID) values (2,23,5,7,28);
Insert into PACKMOVEANDGO.SHIPMENT (BRANCH_ID,ITEM_ID,QTY,SHIPMENT_ID,BOOKING_ID) values (2,23,5,9,30);
Insert into PACKMOVEANDGO.SHIPMENT (BRANCH_ID,ITEM_ID,QTY,SHIPMENT_ID,BOOKING_ID) values (3,24,5,14,35);
Insert into PACKMOVEANDGO.SHIPMENT (BRANCH_ID,ITEM_ID,QTY,SHIPMENT_ID,BOOKING_ID) values (3,24,5,17,38);
Insert into PACKMOVEANDGO.SHIPMENT (BRANCH_ID,ITEM_ID,QTY,SHIPMENT_ID,BOOKING_ID) values (1,41,50,73,93);
Insert into PACKMOVEANDGO.SHIPMENT (BRANCH_ID,ITEM_ID,QTY,SHIPMENT_ID,BOOKING_ID) values (2,23,5,10,31);
Insert into PACKMOVEANDGO.SHIPMENT (BRANCH_ID,ITEM_ID,QTY,SHIPMENT_ID,BOOKING_ID) values (2,23,5,11,32);
Insert into PACKMOVEANDGO.SHIPMENT (BRANCH_ID,ITEM_ID,QTY,SHIPMENT_ID,BOOKING_ID) values (2,23,3,21,41);
Insert into PACKMOVEANDGO.SHIPMENT (BRANCH_ID,ITEM_ID,QTY,SHIPMENT_ID,BOOKING_ID) values (3,25,10,43,63);
Insert into PACKMOVEANDGO.SHIPMENT (BRANCH_ID,ITEM_ID,QTY,SHIPMENT_ID,BOOKING_ID) values (1,24,10,44,64);
Insert into PACKMOVEANDGO.SHIPMENT (BRANCH_ID,ITEM_ID,QTY,SHIPMENT_ID,BOOKING_ID) values (1,24,10,45,65);
Insert into PACKMOVEANDGO.SHIPMENT (BRANCH_ID,ITEM_ID,QTY,SHIPMENT_ID,BOOKING_ID) values (3,24,5,61,81);
Insert into PACKMOVEANDGO.SHIPMENT (BRANCH_ID,ITEM_ID,QTY,SHIPMENT_ID,BOOKING_ID) values (2,25,10,62,82);
Insert into PACKMOVEANDGO.SHIPMENT (BRANCH_ID,ITEM_ID,QTY,SHIPMENT_ID,BOOKING_ID) values (4,25,10,64,84);
Insert into PACKMOVEANDGO.SHIPMENT (BRANCH_ID,ITEM_ID,QTY,SHIPMENT_ID,BOOKING_ID) values (4,25,10,67,87);
Insert into PACKMOVEANDGO.SHIPMENT (BRANCH_ID,ITEM_ID,QTY,SHIPMENT_ID,BOOKING_ID) values (1,25,5,71,91);
Insert into PACKMOVEANDGO.SHIPMENT (BRANCH_ID,ITEM_ID,QTY,SHIPMENT_ID,BOOKING_ID) values (3,25,5,6,27);
Insert into PACKMOVEANDGO.SHIPMENT (BRANCH_ID,ITEM_ID,QTY,SHIPMENT_ID,BOOKING_ID) values (3,25,5,5,26);
Insert into PACKMOVEANDGO.SHIPMENT (BRANCH_ID,ITEM_ID,QTY,SHIPMENT_ID,BOOKING_ID) values (3,24,5,15,36);
Insert into PACKMOVEANDGO.SHIPMENT (BRANCH_ID,ITEM_ID,QTY,SHIPMENT_ID,BOOKING_ID) values (3,24,5,16,37);
Insert into PACKMOVEANDGO.SHIPMENT (BRANCH_ID,ITEM_ID,QTY,SHIPMENT_ID,BOOKING_ID) values (2,25,10,63,83);
Insert into PACKMOVEANDGO.SHIPMENT (BRANCH_ID,ITEM_ID,QTY,SHIPMENT_ID,BOOKING_ID) values (4,25,10,65,85);
Insert into PACKMOVEANDGO.SHIPMENT (BRANCH_ID,ITEM_ID,QTY,SHIPMENT_ID,BOOKING_ID) values (4,25,10,66,86);
Insert into PACKMOVEANDGO.SHIPMENT (BRANCH_ID,ITEM_ID,QTY,SHIPMENT_ID,BOOKING_ID) values (4,25,10,68,88);
Insert into PACKMOVEANDGO.SHIPMENT (BRANCH_ID,ITEM_ID,QTY,SHIPMENT_ID,BOOKING_ID) values (1,25,5,69,89);
Insert into PACKMOVEANDGO.SHIPMENT (BRANCH_ID,ITEM_ID,QTY,SHIPMENT_ID,BOOKING_ID) values (1,25,5,70,90);
Insert into PACKMOVEANDGO.SHIPMENT (BRANCH_ID,ITEM_ID,QTY,SHIPMENT_ID,BOOKING_ID) values (3,25,25,72,92);
--------------------------------------------------------
--  DDL for Index BOOKING_PK
--------------------------------------------------------

  CREATE UNIQUE INDEX "PACKMOVEANDGO"."BOOKING_PK" ON "PACKMOVEANDGO"."BOOKING" ("BOOKING_ID") 
  PCTFREE 10 INITRANS 2 MAXTRANS 255 COMPUTE STATISTICS 
  STORAGE(INITIAL 65536 NEXT 1048576 MINEXTENTS 1 MAXEXTENTS 2147483645
  PCTINCREASE 0 FREELISTS 1 FREELIST GROUPS 1 BUFFER_POOL DEFAULT FLASH_CACHE DEFAULT CELL_FLASH_CACHE DEFAULT)
  TABLESPACE "USERS" ;
--------------------------------------------------------
--  DDL for Index BRANCH_PK
--------------------------------------------------------

  CREATE UNIQUE INDEX "PACKMOVEANDGO"."BRANCH_PK" ON "PACKMOVEANDGO"."BRANCH" ("BRANCH_ID") 
  PCTFREE 10 INITRANS 2 MAXTRANS 255 COMPUTE STATISTICS 
  STORAGE(INITIAL 65536 NEXT 1048576 MINEXTENTS 1 MAXEXTENTS 2147483645
  PCTINCREASE 0 FREELISTS 1 FREELIST GROUPS 1 BUFFER_POOL DEFAULT FLASH_CACHE DEFAULT CELL_FLASH_CACHE DEFAULT)
  TABLESPACE "USERS" ;
--------------------------------------------------------
--  DDL for Index BUSINESS_PARTNER_PK
--------------------------------------------------------

  CREATE UNIQUE INDEX "PACKMOVEANDGO"."BUSINESS_PARTNER_PK" ON "PACKMOVEANDGO"."BUSINESS_PARTNER" ("AGENT_ID") 
  PCTFREE 10 INITRANS 2 MAXTRANS 255 COMPUTE STATISTICS 
  STORAGE(INITIAL 65536 NEXT 1048576 MINEXTENTS 1 MAXEXTENTS 2147483645
  PCTINCREASE 0 FREELISTS 1 FREELIST GROUPS 1 BUFFER_POOL DEFAULT FLASH_CACHE DEFAULT CELL_FLASH_CACHE DEFAULT)
  TABLESPACE "USERS" ;
--------------------------------------------------------
--  DDL for Index CUSTOMER_PK
--------------------------------------------------------

  CREATE UNIQUE INDEX "PACKMOVEANDGO"."CUSTOMER_PK" ON "PACKMOVEANDGO"."CUSTOMER" ("CUST_ID") 
  PCTFREE 10 INITRANS 2 MAXTRANS 255 COMPUTE STATISTICS 
  STORAGE(INITIAL 65536 NEXT 1048576 MINEXTENTS 1 MAXEXTENTS 2147483645
  PCTINCREASE 0 FREELISTS 1 FREELIST GROUPS 1 BUFFER_POOL DEFAULT FLASH_CACHE DEFAULT CELL_FLASH_CACHE DEFAULT)
  TABLESPACE "USERS" ;
--------------------------------------------------------
--  DDL for Index ENQUIRY_PK
--------------------------------------------------------

  CREATE UNIQUE INDEX "PACKMOVEANDGO"."ENQUIRY_PK" ON "PACKMOVEANDGO"."ENQUIRY" ("ENQ_ID") 
  PCTFREE 10 INITRANS 2 MAXTRANS 255 COMPUTE STATISTICS 
  STORAGE(INITIAL 65536 NEXT 1048576 MINEXTENTS 1 MAXEXTENTS 2147483645
  PCTINCREASE 0 FREELISTS 1 FREELIST GROUPS 1 BUFFER_POOL DEFAULT FLASH_CACHE DEFAULT CELL_FLASH_CACHE DEFAULT)
  TABLESPACE "USERS" ;
--------------------------------------------------------
--  DDL for Index ITEM_PK
--------------------------------------------------------

  CREATE UNIQUE INDEX "PACKMOVEANDGO"."ITEM_PK" ON "PACKMOVEANDGO"."ITEM" ("ITEM_ID") 
  PCTFREE 10 INITRANS 2 MAXTRANS 255 COMPUTE STATISTICS 
  STORAGE(INITIAL 65536 NEXT 1048576 MINEXTENTS 1 MAXEXTENTS 2147483645
  PCTINCREASE 0 FREELISTS 1 FREELIST GROUPS 1 BUFFER_POOL DEFAULT FLASH_CACHE DEFAULT CELL_FLASH_CACHE DEFAULT)
  TABLESPACE "USERS" ;
--------------------------------------------------------
--  DDL for Index LOGIN_PK
--------------------------------------------------------

  CREATE UNIQUE INDEX "PACKMOVEANDGO"."LOGIN_PK" ON "PACKMOVEANDGO"."LOGIN" ("LOGIN_SERIAL_NO") 
  PCTFREE 10 INITRANS 2 MAXTRANS 255 COMPUTE STATISTICS 
  STORAGE(INITIAL 65536 NEXT 1048576 MINEXTENTS 1 MAXEXTENTS 2147483645
  PCTINCREASE 0 FREELISTS 1 FREELIST GROUPS 1 BUFFER_POOL DEFAULT FLASH_CACHE DEFAULT CELL_FLASH_CACHE DEFAULT)
  TABLESPACE "USERS" ;
--------------------------------------------------------
--  DDL for Index MATERIAL_USED_PK
--------------------------------------------------------

  CREATE UNIQUE INDEX "PACKMOVEANDGO"."MATERIAL_USED_PK" ON "PACKMOVEANDGO"."MATERIAL_USED" ("MAT_ID") 
  PCTFREE 10 INITRANS 2 MAXTRANS 255 COMPUTE STATISTICS 
  STORAGE(INITIAL 65536 NEXT 1048576 MINEXTENTS 1 MAXEXTENTS 2147483645
  PCTINCREASE 0 FREELISTS 1 FREELIST GROUPS 1 BUFFER_POOL DEFAULT FLASH_CACHE DEFAULT CELL_FLASH_CACHE DEFAULT)
  TABLESPACE "USERS" ;
--------------------------------------------------------
--  DDL for Index ORDERS_PK
--------------------------------------------------------

  CREATE UNIQUE INDEX "PACKMOVEANDGO"."ORDERS_PK" ON "PACKMOVEANDGO"."ORDERS" ("ORDER_ID") 
  PCTFREE 10 INITRANS 2 MAXTRANS 255 COMPUTE STATISTICS 
  STORAGE(INITIAL 65536 NEXT 1048576 MINEXTENTS 1 MAXEXTENTS 2147483645
  PCTINCREASE 0 FREELISTS 1 FREELIST GROUPS 1 BUFFER_POOL DEFAULT FLASH_CACHE DEFAULT CELL_FLASH_CACHE DEFAULT)
  TABLESPACE "USERS" ;
--------------------------------------------------------
--  DDL for Index PACKING_MATERIALS_PK
--------------------------------------------------------

  CREATE UNIQUE INDEX "PACKMOVEANDGO"."PACKING_MATERIALS_PK" ON "PACKMOVEANDGO"."PACKING_MATERIALS" ("PACK_MAT_ID") 
  PCTFREE 10 INITRANS 2 MAXTRANS 255 COMPUTE STATISTICS 
  STORAGE(INITIAL 65536 NEXT 1048576 MINEXTENTS 1 MAXEXTENTS 2147483645
  PCTINCREASE 0 FREELISTS 1 FREELIST GROUPS 1 BUFFER_POOL DEFAULT FLASH_CACHE DEFAULT CELL_FLASH_CACHE DEFAULT)
  TABLESPACE "USERS" ;
--------------------------------------------------------
--  DDL for Index RATES_PK
--------------------------------------------------------

  CREATE UNIQUE INDEX "PACKMOVEANDGO"."RATES_PK" ON "PACKMOVEANDGO"."RATES" ("RATE_ID") 
  PCTFREE 10 INITRANS 2 MAXTRANS 255 COMPUTE STATISTICS 
  STORAGE(INITIAL 65536 NEXT 1048576 MINEXTENTS 1 MAXEXTENTS 2147483645
  PCTINCREASE 0 FREELISTS 1 FREELIST GROUPS 1 BUFFER_POOL DEFAULT FLASH_CACHE DEFAULT CELL_FLASH_CACHE DEFAULT)
  TABLESPACE "USERS" ;
--------------------------------------------------------
--  DDL for Index SEND_ENQUIRY_PK
--------------------------------------------------------

  CREATE UNIQUE INDEX "PACKMOVEANDGO"."SEND_ENQUIRY_PK" ON "PACKMOVEANDGO"."SEND_ENQUIRY" ("SENDENQUIRYID") 
  PCTFREE 10 INITRANS 2 MAXTRANS 255 COMPUTE STATISTICS 
  STORAGE(INITIAL 65536 NEXT 1048576 MINEXTENTS 1 MAXEXTENTS 2147483645
  PCTINCREASE 0 FREELISTS 1 FREELIST GROUPS 1 BUFFER_POOL DEFAULT FLASH_CACHE DEFAULT CELL_FLASH_CACHE DEFAULT)
  TABLESPACE "USERS" ;
--------------------------------------------------------
--  DDL for Index SERVICES_PK
--------------------------------------------------------

  CREATE UNIQUE INDEX "PACKMOVEANDGO"."SERVICES_PK" ON "PACKMOVEANDGO"."SERVICES" ("SERVICE_ID") 
  PCTFREE 10 INITRANS 2 MAXTRANS 255 COMPUTE STATISTICS 
  STORAGE(INITIAL 65536 NEXT 1048576 MINEXTENTS 1 MAXEXTENTS 2147483645
  PCTINCREASE 0 FREELISTS 1 FREELIST GROUPS 1 BUFFER_POOL DEFAULT FLASH_CACHE DEFAULT CELL_FLASH_CACHE DEFAULT)
  TABLESPACE "USERS" ;
--------------------------------------------------------
--  DDL for Index SHIPMENT_PK
--------------------------------------------------------

  CREATE UNIQUE INDEX "PACKMOVEANDGO"."SHIPMENT_PK" ON "PACKMOVEANDGO"."SHIPMENT" ("SHIPMENT_ID") 
  PCTFREE 10 INITRANS 2 MAXTRANS 255 COMPUTE STATISTICS 
  STORAGE(INITIAL 65536 NEXT 1048576 MINEXTENTS 1 MAXEXTENTS 2147483645
  PCTINCREASE 0 FREELISTS 1 FREELIST GROUPS 1 BUFFER_POOL DEFAULT FLASH_CACHE DEFAULT CELL_FLASH_CACHE DEFAULT)
  TABLESPACE "USERS" ;
--------------------------------------------------------
--  Constraints for Table BOOKING
--------------------------------------------------------

  ALTER TABLE "PACKMOVEANDGO"."BOOKING" ADD CONSTRAINT "BOOKING_PK" PRIMARY KEY ("BOOKING_ID")
  USING INDEX PCTFREE 10 INITRANS 2 MAXTRANS 255 COMPUTE STATISTICS 
  STORAGE(INITIAL 65536 NEXT 1048576 MINEXTENTS 1 MAXEXTENTS 2147483645
  PCTINCREASE 0 FREELISTS 1 FREELIST GROUPS 1 BUFFER_POOL DEFAULT FLASH_CACHE DEFAULT CELL_FLASH_CACHE DEFAULT)
  TABLESPACE "USERS"  ENABLE;
  ALTER TABLE "PACKMOVEANDGO"."BOOKING" MODIFY ("BOOKING_ID" NOT NULL ENABLE);
--------------------------------------------------------
--  Constraints for Table BRANCH
--------------------------------------------------------

  ALTER TABLE "PACKMOVEANDGO"."BRANCH" ADD CONSTRAINT "BRANCH_PK" PRIMARY KEY ("BRANCH_ID")
  USING INDEX PCTFREE 10 INITRANS 2 MAXTRANS 255 COMPUTE STATISTICS 
  STORAGE(INITIAL 65536 NEXT 1048576 MINEXTENTS 1 MAXEXTENTS 2147483645
  PCTINCREASE 0 FREELISTS 1 FREELIST GROUPS 1 BUFFER_POOL DEFAULT FLASH_CACHE DEFAULT CELL_FLASH_CACHE DEFAULT)
  TABLESPACE "USERS"  ENABLE;
  ALTER TABLE "PACKMOVEANDGO"."BRANCH" MODIFY ("BRANCH_ID" NOT NULL ENABLE);
--------------------------------------------------------
--  Constraints for Table BUSINESS_PARTNER
--------------------------------------------------------

  ALTER TABLE "PACKMOVEANDGO"."BUSINESS_PARTNER" ADD CONSTRAINT "BUSINESS_PARTNER_PK" PRIMARY KEY ("AGENT_ID")
  USING INDEX PCTFREE 10 INITRANS 2 MAXTRANS 255 COMPUTE STATISTICS 
  STORAGE(INITIAL 65536 NEXT 1048576 MINEXTENTS 1 MAXEXTENTS 2147483645
  PCTINCREASE 0 FREELISTS 1 FREELIST GROUPS 1 BUFFER_POOL DEFAULT FLASH_CACHE DEFAULT CELL_FLASH_CACHE DEFAULT)
  TABLESPACE "USERS"  ENABLE;
  ALTER TABLE "PACKMOVEANDGO"."BUSINESS_PARTNER" MODIFY ("AGENT_ID" NOT NULL ENABLE);
--------------------------------------------------------
--  Constraints for Table CUSTOMER
--------------------------------------------------------

  ALTER TABLE "PACKMOVEANDGO"."CUSTOMER" ADD CONSTRAINT "CUSTOMER_PK" PRIMARY KEY ("CUST_ID")
  USING INDEX PCTFREE 10 INITRANS 2 MAXTRANS 255 COMPUTE STATISTICS 
  STORAGE(INITIAL 65536 NEXT 1048576 MINEXTENTS 1 MAXEXTENTS 2147483645
  PCTINCREASE 0 FREELISTS 1 FREELIST GROUPS 1 BUFFER_POOL DEFAULT FLASH_CACHE DEFAULT CELL_FLASH_CACHE DEFAULT)
  TABLESPACE "USERS"  ENABLE;
  ALTER TABLE "PACKMOVEANDGO"."CUSTOMER" MODIFY ("CUST_ID" NOT NULL ENABLE);
--------------------------------------------------------
--  Constraints for Table ENQUIRY
--------------------------------------------------------

  ALTER TABLE "PACKMOVEANDGO"."ENQUIRY" ADD CONSTRAINT "ENQUIRY_PK" PRIMARY KEY ("ENQ_ID")
  USING INDEX PCTFREE 10 INITRANS 2 MAXTRANS 255 COMPUTE STATISTICS 
  STORAGE(INITIAL 65536 NEXT 1048576 MINEXTENTS 1 MAXEXTENTS 2147483645
  PCTINCREASE 0 FREELISTS 1 FREELIST GROUPS 1 BUFFER_POOL DEFAULT FLASH_CACHE DEFAULT CELL_FLASH_CACHE DEFAULT)
  TABLESPACE "USERS"  ENABLE;
  ALTER TABLE "PACKMOVEANDGO"."ENQUIRY" MODIFY ("ENQ_ID" NOT NULL ENABLE);
--------------------------------------------------------
--  Constraints for Table ITEM
--------------------------------------------------------

  ALTER TABLE "PACKMOVEANDGO"."ITEM" ADD CONSTRAINT "ITEM_PK" PRIMARY KEY ("ITEM_ID")
  USING INDEX PCTFREE 10 INITRANS 2 MAXTRANS 255 COMPUTE STATISTICS 
  STORAGE(INITIAL 65536 NEXT 1048576 MINEXTENTS 1 MAXEXTENTS 2147483645
  PCTINCREASE 0 FREELISTS 1 FREELIST GROUPS 1 BUFFER_POOL DEFAULT FLASH_CACHE DEFAULT CELL_FLASH_CACHE DEFAULT)
  TABLESPACE "USERS"  ENABLE;
  ALTER TABLE "PACKMOVEANDGO"."ITEM" MODIFY ("ITEM_ID" NOT NULL ENABLE);
--------------------------------------------------------
--  Constraints for Table LOGIN
--------------------------------------------------------

  ALTER TABLE "PACKMOVEANDGO"."LOGIN" ADD CONSTRAINT "LOGIN_PK" PRIMARY KEY ("LOGIN_SERIAL_NO")
  USING INDEX PCTFREE 10 INITRANS 2 MAXTRANS 255 COMPUTE STATISTICS 
  STORAGE(INITIAL 65536 NEXT 1048576 MINEXTENTS 1 MAXEXTENTS 2147483645
  PCTINCREASE 0 FREELISTS 1 FREELIST GROUPS 1 BUFFER_POOL DEFAULT FLASH_CACHE DEFAULT CELL_FLASH_CACHE DEFAULT)
  TABLESPACE "USERS"  ENABLE;
  ALTER TABLE "PACKMOVEANDGO"."LOGIN" MODIFY ("LOGIN_SERIAL_NO" NOT NULL ENABLE);
--------------------------------------------------------
--  Constraints for Table MATERIAL_USED
--------------------------------------------------------

  ALTER TABLE "PACKMOVEANDGO"."MATERIAL_USED" ADD CONSTRAINT "MATERIAL_USED_PK" PRIMARY KEY ("MAT_ID")
  USING INDEX PCTFREE 10 INITRANS 2 MAXTRANS 255 COMPUTE STATISTICS 
  STORAGE(INITIAL 65536 NEXT 1048576 MINEXTENTS 1 MAXEXTENTS 2147483645
  PCTINCREASE 0 FREELISTS 1 FREELIST GROUPS 1 BUFFER_POOL DEFAULT FLASH_CACHE DEFAULT CELL_FLASH_CACHE DEFAULT)
  TABLESPACE "USERS"  ENABLE;
  ALTER TABLE "PACKMOVEANDGO"."MATERIAL_USED" MODIFY ("MAT_ID" NOT NULL ENABLE);
--------------------------------------------------------
--  Constraints for Table ORDERS
--------------------------------------------------------

  ALTER TABLE "PACKMOVEANDGO"."ORDERS" ADD CONSTRAINT "ORDERS_PK" PRIMARY KEY ("ORDER_ID")
  USING INDEX PCTFREE 10 INITRANS 2 MAXTRANS 255 COMPUTE STATISTICS 
  STORAGE(INITIAL 65536 NEXT 1048576 MINEXTENTS 1 MAXEXTENTS 2147483645
  PCTINCREASE 0 FREELISTS 1 FREELIST GROUPS 1 BUFFER_POOL DEFAULT FLASH_CACHE DEFAULT CELL_FLASH_CACHE DEFAULT)
  TABLESPACE "USERS"  ENABLE;
  ALTER TABLE "PACKMOVEANDGO"."ORDERS" MODIFY ("ORDER_ID" NOT NULL ENABLE);
--------------------------------------------------------
--  Constraints for Table PACKING_MATERIALS
--------------------------------------------------------

  ALTER TABLE "PACKMOVEANDGO"."PACKING_MATERIALS" MODIFY ("PACK_MAT_ID" NOT NULL ENABLE);
  ALTER TABLE "PACKMOVEANDGO"."PACKING_MATERIALS" ADD CONSTRAINT "PACKING_MATERIALS_PK" PRIMARY KEY ("PACK_MAT_ID")
  USING INDEX PCTFREE 10 INITRANS 2 MAXTRANS 255 COMPUTE STATISTICS 
  STORAGE(INITIAL 65536 NEXT 1048576 MINEXTENTS 1 MAXEXTENTS 2147483645
  PCTINCREASE 0 FREELISTS 1 FREELIST GROUPS 1 BUFFER_POOL DEFAULT FLASH_CACHE DEFAULT CELL_FLASH_CACHE DEFAULT)
  TABLESPACE "USERS"  ENABLE;
--------------------------------------------------------
--  Constraints for Table RATES
--------------------------------------------------------

  ALTER TABLE "PACKMOVEANDGO"."RATES" ADD CONSTRAINT "RATES_PK" PRIMARY KEY ("RATE_ID")
  USING INDEX PCTFREE 10 INITRANS 2 MAXTRANS 255 COMPUTE STATISTICS 
  STORAGE(INITIAL 65536 NEXT 1048576 MINEXTENTS 1 MAXEXTENTS 2147483645
  PCTINCREASE 0 FREELISTS 1 FREELIST GROUPS 1 BUFFER_POOL DEFAULT FLASH_CACHE DEFAULT CELL_FLASH_CACHE DEFAULT)
  TABLESPACE "USERS"  ENABLE;
  ALTER TABLE "PACKMOVEANDGO"."RATES" MODIFY ("RATE_ID" NOT NULL ENABLE);
--------------------------------------------------------
--  Constraints for Table SEND_ENQUIRY
--------------------------------------------------------

  ALTER TABLE "PACKMOVEANDGO"."SEND_ENQUIRY" ADD CONSTRAINT "SEND_ENQUIRY_PK" PRIMARY KEY ("SENDENQUIRYID")
  USING INDEX PCTFREE 10 INITRANS 2 MAXTRANS 255 COMPUTE STATISTICS 
  STORAGE(INITIAL 65536 NEXT 1048576 MINEXTENTS 1 MAXEXTENTS 2147483645
  PCTINCREASE 0 FREELISTS 1 FREELIST GROUPS 1 BUFFER_POOL DEFAULT FLASH_CACHE DEFAULT CELL_FLASH_CACHE DEFAULT)
  TABLESPACE "USERS"  ENABLE;
  ALTER TABLE "PACKMOVEANDGO"."SEND_ENQUIRY" MODIFY ("SENDENQUIRYID" NOT NULL ENABLE);
--------------------------------------------------------
--  Constraints for Table SERVICES
--------------------------------------------------------

  ALTER TABLE "PACKMOVEANDGO"."SERVICES" ADD CONSTRAINT "SERVICES_PK" PRIMARY KEY ("SERVICE_ID")
  USING INDEX PCTFREE 10 INITRANS 2 MAXTRANS 255 COMPUTE STATISTICS 
  STORAGE(INITIAL 65536 NEXT 1048576 MINEXTENTS 1 MAXEXTENTS 2147483645
  PCTINCREASE 0 FREELISTS 1 FREELIST GROUPS 1 BUFFER_POOL DEFAULT FLASH_CACHE DEFAULT CELL_FLASH_CACHE DEFAULT)
  TABLESPACE "USERS"  ENABLE;
  ALTER TABLE "PACKMOVEANDGO"."SERVICES" MODIFY ("SERVICE_ID" NOT NULL ENABLE);
--------------------------------------------------------
--  Constraints for Table SHIPMENT
--------------------------------------------------------

  ALTER TABLE "PACKMOVEANDGO"."SHIPMENT" ADD CONSTRAINT "SHIPMENT_PK" PRIMARY KEY ("SHIPMENT_ID")
  USING INDEX PCTFREE 10 INITRANS 2 MAXTRANS 255 COMPUTE STATISTICS 
  STORAGE(INITIAL 65536 NEXT 1048576 MINEXTENTS 1 MAXEXTENTS 2147483645
  PCTINCREASE 0 FREELISTS 1 FREELIST GROUPS 1 BUFFER_POOL DEFAULT FLASH_CACHE DEFAULT CELL_FLASH_CACHE DEFAULT)
  TABLESPACE "USERS"  ENABLE;
  ALTER TABLE "PACKMOVEANDGO"."SHIPMENT" MODIFY ("SHIPMENT_ID" NOT NULL ENABLE);
--------------------------------------------------------
--  Ref Constraints for Table BOOKING
--------------------------------------------------------

  ALTER TABLE "PACKMOVEANDGO"."BOOKING" ADD CONSTRAINT "BOOKING_FK1" FOREIGN KEY ("CUST_ID")
	  REFERENCES "PACKMOVEANDGO"."CUSTOMER" ("CUST_ID") ENABLE;
  ALTER TABLE "PACKMOVEANDGO"."BOOKING" ADD CONSTRAINT "BOOKING_FK2" FOREIGN KEY ("BRANCH_ID")
	  REFERENCES "PACKMOVEANDGO"."BRANCH" ("BRANCH_ID") ENABLE;
  ALTER TABLE "PACKMOVEANDGO"."BOOKING" ADD CONSTRAINT "BOOKING_FK3" FOREIGN KEY ("DEST_AGENT_ID")
	  REFERENCES "PACKMOVEANDGO"."BUSINESS_PARTNER" ("AGENT_ID") ENABLE;
--------------------------------------------------------
--  Ref Constraints for Table BUSINESS_PARTNER
--------------------------------------------------------

  ALTER TABLE "PACKMOVEANDGO"."BUSINESS_PARTNER" ADD CONSTRAINT "BUSINESS_PARTNER_FK1" FOREIGN KEY ("BRANCH_ID")
	  REFERENCES "PACKMOVEANDGO"."BRANCH" ("BRANCH_ID") ENABLE;
--------------------------------------------------------
--  Ref Constraints for Table ENQUIRY
--------------------------------------------------------

  ALTER TABLE "PACKMOVEANDGO"."ENQUIRY" ADD CONSTRAINT "ENQUIRY_FK1" FOREIGN KEY ("SERVICE_ID")
	  REFERENCES "PACKMOVEANDGO"."SERVICES" ("SERVICE_ID") ENABLE;
--------------------------------------------------------
--  Ref Constraints for Table LOGIN
--------------------------------------------------------

  ALTER TABLE "PACKMOVEANDGO"."LOGIN" ADD CONSTRAINT "LOGIN_FK1" FOREIGN KEY ("CUST_ID")
	  REFERENCES "PACKMOVEANDGO"."CUSTOMER" ("CUST_ID") ENABLE;
--------------------------------------------------------
--  Ref Constraints for Table ORDERS
--------------------------------------------------------

  ALTER TABLE "PACKMOVEANDGO"."ORDERS" ADD CONSTRAINT "ORDERS_FK1" FOREIGN KEY ("ITEM_ID")
	  REFERENCES "PACKMOVEANDGO"."ITEM" ("ITEM_ID") ENABLE;
  ALTER TABLE "PACKMOVEANDGO"."ORDERS" ADD CONSTRAINT "ORDERS_FK2" FOREIGN KEY ("CUST_ID")
	  REFERENCES "PACKMOVEANDGO"."CUSTOMER" ("CUST_ID") ENABLE;
  ALTER TABLE "PACKMOVEANDGO"."ORDERS" ADD CONSTRAINT "ORDERS_FK3" FOREIGN KEY ("BRANCH_ID")
	  REFERENCES "PACKMOVEANDGO"."BRANCH" ("BRANCH_ID") ENABLE;
--------------------------------------------------------
--  Ref Constraints for Table PACKING_MATERIALS
--------------------------------------------------------

  ALTER TABLE "PACKMOVEANDGO"."PACKING_MATERIALS" ADD CONSTRAINT "PACKING_MATERIALS_FK1" FOREIGN KEY ("MAT_ID")
	  REFERENCES "PACKMOVEANDGO"."MATERIAL_USED" ("MAT_ID") ENABLE;
--------------------------------------------------------
--  Ref Constraints for Table RATES
--------------------------------------------------------

  ALTER TABLE "PACKMOVEANDGO"."RATES" ADD CONSTRAINT "RATES_FK1" FOREIGN KEY ("ITEM_ID")
	  REFERENCES "PACKMOVEANDGO"."ITEM" ("ITEM_ID") ENABLE;
--------------------------------------------------------
--  Ref Constraints for Table SHIPMENT
--------------------------------------------------------

  ALTER TABLE "PACKMOVEANDGO"."SHIPMENT" ADD CONSTRAINT "SHIPMENT_FK1" FOREIGN KEY ("ITEM_ID")
	  REFERENCES "PACKMOVEANDGO"."ITEM" ("ITEM_ID") ENABLE;
  ALTER TABLE "PACKMOVEANDGO"."SHIPMENT" ADD CONSTRAINT "SHIPMENT_FK2" FOREIGN KEY ("BOOKING_ID")
	  REFERENCES "PACKMOVEANDGO"."BOOKING" ("BOOKING_ID") ENABLE;
--------------------------------------------------------
--  DDL for Function CUSTOM_AUTH
--------------------------------------------------------

  CREATE OR REPLACE FUNCTION "PACKMOVEANDGO"."CUSTOM_AUTH" (p_username in VARCHAR2, p_password in VARCHAR2)
return BOOLEAN
is
  l_password varchar2(4000);
  l_stored_password varchar2(4000);
  l_expires_on date;
  l_count number;
begin
-- First, check to see if the user is in the user table
select count(*) into l_count from demo_users where user_name = p_username;
if l_count > 0 then
  -- First, we fetch the stored hashed password & expire date
  select password, expires_on into l_stored_password, l_expires_on
   from demo_users where user_name = p_username;

  -- Next, we check to see if the user's account is expired
  -- If it is, return FALSE
  if l_expires_on > sysdate or l_expires_on is null then

    -- If the account is not expired, we have to apply the custom hash
    -- function to the password
    l_password := custom_hash(p_username, p_password);

    -- Finally, we compare them to see if they are the same and return
    -- either TRUE or FALSE
    if l_password = l_stored_password then
      return true;
    else
      return false;
    end if;
  else
    return false;
  end if;
else
  -- The username provided is not in the DEMO_USERS table
  return false;
end if;
end;

/
--------------------------------------------------------
--  DDL for Function CUSTOM_HASH
--------------------------------------------------------

  CREATE OR REPLACE FUNCTION "PACKMOVEANDGO"."CUSTOM_HASH" (p_username in varchar2, p_password in varchar2)
return varchar2
is
  l_password varchar2(4000);
  l_salt varchar2(4000) := '2WZOIX4MNFTWB66EYRJ81IB7B7NH01';
begin

-- This function should be wrapped, as the hash algorhythm is exposed here.
-- You can change the value of l_salt or the method of which to call the
-- DBMS_OBFUSCATOIN toolkit, but you much reset all of your passwords
-- if you choose to do this.

l_password := utl_raw.cast_to_raw(dbms_obfuscation_toolkit.md5
  (input_string => p_password || substr(l_salt,10,13) || p_username ||
    substr(l_salt, 4,10)));
return l_password;
end;

/
